Plant Names,                                     Molecules,Canonical SMILES,Formula,MW,#Heavy atoms,#Aromatic heavy atoms,Fraction Csp3,#Rotatable bonds,#H-bond acceptors,#H-bond donors,MR,TPSA,iLOGP,XLOGP3,WLOGP,MLOGP,Silicos-IT Log P,Consensus Log P,ESOL Log S,ESOL Solubility (mg/ml),ESOL Solubility (mol/l),ESOL Class,Ali Log S,Ali Solubility (mg/ml),Ali Solubility (mol/l),Ali Class,Silicos-IT LogSw,Silicos-IT Solubility (mg/ml),Silicos-IT Solubility (mol/l),Silicos-IT class,GI absorption,BBB permeant,Pgp substrate,CYP1A2 inhibitor,CYP2C19 inhibitor,CYP2C9 inhibitor,CYP2D6 inhibitor,CYP3A4 inhibitor,log Kp (cm/s),Lipinski #violations,Ghose #violations,Veber #violations,Egan #violations,Muegge #violations,Bioavailability Score,PAINS #alerts,Brenk #alerts,Leadlikeness #violations,Synthetic Accessibility
"Zanthoxylum armatum
",(+)-alpha-Pinene,CC1=CC[C@H]2C[C@@H]1C2(C)C,C10H16,136.23,10,0,0.8,0,0,0,45.22,0,2.63,4.48,3,4.29,2.79,3.44,-3.51,4.24E-02,3.11E-04,Soluble,-4.2,8.59E-03,6.31E-05,Moderately soluble,-2.23,8.06E-01,5.92E-03,Soluble,Low,Yes,No,No,No,Yes,No,No,-3.95,1,1,0,0,2,0.55,0,1,2,4.44
Zanthoxylum armatum,(+)-Fargesin,COc1cc(ccc1OC)[C@@H]1OC[C@H]2[C@@H]1CO[C@@H]2c1ccc2c(c1)OCO2,C21H22O6,370.4,27,12,0.43,4,6,0,96.92,55.38,3.51,2.81,2.86,1.79,3.48,2.89,-3.97,3.95E-02,1.07E-04,Soluble,-3.63,8.68E-02,2.34E-04,Soluble,-5.09,3.03E-03,8.18E-06,Moderately soluble,High,Yes,No,No,No,No,Yes,Yes,-6.56,0,0,0,0,0,0.55,0,0,1,4.3
"Zanthoxylum armatum
",(+)-Sesamin,C1Oc2c(O1)cc(cc2)[C@H]1OC[C@H]2[C@@H]1CO[C@@H]2c1ccc2c(c1)OCO2,C20H18O6,354.35,26,12,0.4,2,6,0,90,55.38,3.46,2.68,2.57,1.98,3.25,2.79,-3.93,4.12E-02,1.16E-04,Soluble,-3.5,1.13E-01,3.20E-04,Soluble,-4.6,8.98E-03,2.54E-05,Moderately soluble,High,Yes,No,No,Yes,No,Yes,Yes,-6.56,0,0,0,0,0,0.55,0,0,1,4.12
Zanthoxylum armatum,(E)-Anethole,C/C=C/c1ccc(cc1)OC,C10H12O,148.2,11,6,0.2,2,1,0,47.83,9.23,2.55,3.3,2.62,2.67,2.79,2.79,-3.11,1.15E-01,7.77E-04,Soluble,-3.17,1.00E-01,6.77E-04,Soluble,-2.98,1.55E-01,1.04E-03,Soluble,High,Yes,No,Yes,No,No,No,No,-4.86,0,1,0,0,2,0.55,0,0,1,1.47
Zanthoxylum armatum,(Z)-beta-Ocimene,C=C/C(=C\CC=C(C)C)/C,C10H16,136.23,10,0,0.4,3,0,0,48.76,0,2.91,4.26,3.48,3.56,2.88,3.42,-3.17,9.20E-02,6.75E-04,Soluble,-3.97,1.45E-02,1.07E-04,Soluble,-2.04,1.24E+00,9.10E-03,Soluble,Low,Yes,No,No,No,No,No,No,-4.11,0,1,0,0,2,0.55,0,2,2,3.63
Zanthoxylum armatum,"1,8-Cineole",C[C@]12CC[C@H](CC1)C(O2)(C)C,C10H18O,154.25,11,0,1,0,1,0,47.12,9.23,2.58,2.74,2.74,2.45,2.86,2.67,-2.52,4.63E-01,3.00E-03,Soluble,-2.59,3.98E-01,2.58E-03,Soluble,-2.45,5.45E-01,3.53E-03,Soluble,High,Yes,No,No,No,No,No,No,-5.3,0,1,0,0,2,0.55,0,0,1,3.65
Zanthoxylum armatum,2-Tridecanone,CCCCCCCCCCCC(=O)C,C13H26O,198.34,14,0,0.92,10,1,0,64.8,17.07,3.56,5.17,4.5,3.54,4.49,4.25,-3.67,4.27E-02,2.15E-04,Soluble,-5.27,1.05E-03,5.31E-06,Moderately soluble,-4.66,4.39E-03,2.21E-05,Moderately soluble,High,Yes,No,Yes,No,No,No,No,-3.84,0,0,0,0,3,0.55,0,0,3,1.93
Zanthoxylum armatum,4-Carene,CC(=C1C[C@]23O[C@]1(O)C=C([C@@H]3CC[C@H]2C)C)C,C15H22O2,234.33,17,0,0.73,0,2,1,69.25,29.46,2.94,2.24,3.18,3.04,2.96,2.87,-2.7,4.63E-01,1.98E-03,Soluble,-2.49,7.51E-01,3.20E-03,Soluble,-2.67,5.03E-01,2.15E-03,Soluble,High,Yes,No,No,No,Yes,No,No,-6.14,0,0,0,0,0,0.55,0,1,1,5.73
Zanthoxylum armatum,alpha-Amyrin,C[C@@H]1CC[C@]2([C@H]([C@H]1C)[C@H]1C=C[C@H]3[C@@]([C@@]1(CC2)C)(C)CC[C@H]1[C@]3(C)CC[C@@H](C1(C)C)O)C,C30H50O,426.72,31,0,0.93,0,1,1,135.14,20.23,4.58,9.31,7.88,6.92,6.13,6.96,-8.35,1.90E-06,4.46E-09,Poorly soluble,-9.64,9.84E-08,2.31E-10,Poorly soluble,-6.26,2.32E-04,5.43E-07,Poorly soluble,Low,No,No,No,No,No,No,No,-2.29,1,3,0,1,2,0.55,0,1,2,6.22
Zanthoxylum armatum,alpha-Cadinol,CC1=C[C@H]2[C@@H](CC1)[C@](C)(O)CC[C@H]2C(C)C,C15H26O,222.37,16,0,0.87,1,1,1,70.72,20.23,3.05,3.34,3.78,3.67,3.22,3.41,-3.26,1.23E-01,5.54E-04,Soluble,-3.44,8.04E-02,3.61E-04,Soluble,-2.73,4.10E-01,1.85E-03,Soluble,High,Yes,No,No,No,No,No,No,-5.29,0,0,0,0,1,0.55,0,1,1,4.29
Zanthoxylum armatum,alpha-Caryophyllene (obsol.),CC1=CCC(C)(C)C=CCC(=CCC1)C,C15H24,204.35,15,0,0.6,0,0,0,70.42,0,3.27,4.55,5.04,4.53,3.91,4.26,-3.97,2.17E-02,1.06E-04,Soluble,-4.27,1.09E-02,5.34E-05,Moderately soluble,-3.52,6.19E-02,3.03E-04,Soluble,Low,No,No,No,No,Yes,No,No,-4.32,1,0,0,0,1,0.55,0,1,2,3.66
Zanthoxylum armatum,alpha-Cymene,CC(c1ccccc1C)C,C10H14,134.22,10,6,0.4,1,0,0,45.99,0,2.43,4.38,3.12,4.47,3.29,3.54,-3.81,2.08E-02,1.55E-04,Soluble,-4.1,1.08E-02,8.01E-05,Moderately soluble,-3.57,3.58E-02,2.67E-04,Soluble,Low,Yes,No,No,No,No,Yes,No,-4.01,1,1,0,0,2,0.55,0,0,2,1
Zanthoxylum armatum,alpha-Muurolene,CC1=C[C@H]2[C@H](CC1)C(=CC[C@H]2C(C)C)C,C15H24,204.35,15,0,0.73,1,0,0,69.04,0,3.35,4.08,4.58,4.63,3.73,4.07,-3.61,5.00E-02,2.45E-04,Soluble,-3.79,3.35E-02,1.64E-04,Soluble,-3.07,1.74E-01,8.51E-04,Soluble,Low,No,No,No,Yes,Yes,No,No,-4.65,1,0,0,0,1,0.55,0,1,2,4.35
Zanthoxylum armatum,alpha-Phellandrene,CC1=CC[C@@H](C=C1)C(C)C,C10H16,136.23,10,0,0.6,1,0,0,47.12,0,2.65,3.21,3.16,3.27,2.55,2.97,-2.64,3.11E-01,2.29E-03,Soluble,-2.88,1.79E-01,1.31E-03,Soluble,-1.78,2.27E+00,1.67E-02,Soluble,Low,Yes,No,No,No,No,No,No,-4.85,0,1,0,0,2,0.55,0,0,1,4.15
Zanthoxylum armatum,alpha-Terpineol,CC1=CC[C@H](CC1)C(O)(C)C,C10H18O,154.25,11,0,0.8,1,1,1,48.8,20.23,2.09,3.39,2.5,2.3,2.17,2.49,-2.87,2.10E-01,1.36E-03,Soluble,-3.49,4.95E-02,3.21E-04,Soluble,-1.69,3.17E+00,2.06E-02,Soluble,High,Yes,No,No,No,No,No,No,-4.83,0,1,0,0,2,0.55,0,1,1,3.24
Zanthoxylum armatum,alpha-Terpinolene,CC1=CCC(=C(C)C)CC1,C10H16,136.23,10,0,0.6,0,0,0,47.12,0,2.71,4.47,3.45,3.27,3.08,3.4,-3.5,4.30E-02,3.16E-04,Soluble,-4.19,8.80E-03,6.46E-05,Moderately soluble,-2.46,4.73E-01,3.48E-03,Soluble,Low,Yes,No,No,No,Yes,No,No,-3.96,0,1,0,0,2,0.55,0,1,2,2.98
Zanthoxylum armatum,alpha-Thujene,CC1=CC[C@@]2([C@H]1C2)C(C)C,C10H16,136.23,10,0,0.8,1,0,0,45.22,0,2.67,2.85,3,4.29,2.95,3.15,-2.41,5.25E-01,3.85E-03,Soluble,-2.51,4.22E-01,3.10E-03,Soluble,-2.23,8.06E-01,5.92E-03,Soluble,Low,Yes,No,No,No,No,No,No,-5.11,1,1,0,0,2,0.55,0,1,1,3.99
Zanthoxylum armatum,Armatamide,COc1ccc(cc1)CCNC(=O)/C=C/c1ccc2c(c1)OCO2,C19H19NO4,325.36,24,12,0.21,7,4,1,91,56.79,3.36,4.27,2.69,2.14,3.87,3.26,-4.46,1.14E-02,3.50E-05,Moderately soluble,-5.17,2.18E-03,6.69E-06,Moderately soluble,-5.67,6.94E-04,2.13E-06,Moderately soluble,High,Yes,No,Yes,Yes,Yes,Yes,Yes,-5.25,0,0,0,0,0,0.55,0,1,1,2.91
Zanthoxylum armatum,Asarinin,C1Oc2c(O1)cccc2[C@@H]1OC[C@H]2[C@@H]1CO[C@@H]2c1cccc2c1OCO2,C20H18O6,354.35,26,12,0.4,2,6,0,90,55.38,3.34,2.68,2.57,1.98,3.25,2.76,-3.93,4.12E-02,1.16E-04,Soluble,-3.5,1.13E-01,3.20E-04,Soluble,-4.6,8.98E-03,2.54E-05,Moderately soluble,High,Yes,No,No,Yes,No,Yes,Yes,-6.56,0,0,0,0,0,0.55,0,0,1,4.26
Zanthoxylum armatum,beta-Amyrin,O[C@H]1CC[C@]2([C@@H](C1(C)C)CC[C@@]1([C@@H]2C=C[C@H]2[C@@]1(C)CC[C@@]1([C@H]2CC(C)(C)CC1)C)C)C,C30H50O,426.72,31,0,0.93,0,1,1,134.88,20.23,4.69,9.45,8.02,6.92,6.52,7.12,-8.44,1.55E-06,3.64E-09,Poorly soluble,-9.78,7.04E-08,1.65E-10,Poorly soluble,-6.71,8.23E-05,1.93E-07,Poorly soluble,Low,No,No,No,No,No,No,No,-2.19,1,3,0,1,2,0.55,0,1,2,6.11
Zanthoxylum armatum,beta-Caryophyllene,CC1=CCCC(=C)[C@@H]2[C@@H](CC1)C(C2)(C)C,C15H24,204.35,15,0,0.73,0,0,0,68.78,0,3.29,4.38,4.73,4.63,4.19,4.24,-3.87,2.78E-02,1.36E-04,Soluble,-4.1,1.64E-02,8.01E-05,Moderately soluble,-3.77,3.49E-02,1.71E-04,Soluble,Low,No,No,No,Yes,Yes,No,No,-4.44,1,0,0,0,1,0.55,0,1,2,4.51
Zanthoxylum armatum,beta-Caryophyllene oxide,C=C1CC[C@H]2O[C@@]2(CC[C@@H]2[C@@H]1CC2(C)C)C,C15H24O,220.35,16,0,0.87,0,1,0,68.27,12.53,3.15,3.56,3.94,3.67,4.07,3.68,-3.45,7.84E-02,3.56E-04,Soluble,-3.51,6.83E-02,3.10E-04,Soluble,-3.51,6.81E-02,3.09E-04,Soluble,High,Yes,No,No,Yes,Yes,No,No,-5.12,0,0,0,0,1,0.55,0,2,2,4.35
Zanthoxylum armatum,beta-Phellendrene,CC([C@H]1CCC(=C)C=C1)C,C10H16,136.23,10,0,0.6,1,0,0,47.12,0,2.65,3.44,3.16,3.27,2.84,3.07,-2.79,2.23E-01,1.64E-03,Soluble,-3.12,1.03E-01,7.57E-04,Soluble,-2.03,1.28E+00,9.42E-03,Soluble,Low,Yes,No,No,No,No,No,No,-4.69,0,1,0,0,2,0.55,0,0,1,3.73
Zanthoxylum armatum,beta-Pinene,C=C1CC[C@H]2C[C@@H]1C2(C)C,C10H16,136.23,10,0,0.8,0,0,0,45.22,0,2.59,4.16,3,4.29,3.08,3.42,-3.31,6.74E-02,4.95E-04,Soluble,-3.87,1.85E-02,1.36E-04,Soluble,-2.48,4.55E-01,3.34E-03,Soluble,Low,Yes,No,No,No,Yes,No,No,-4.18,1,1,0,0,2,0.55,0,1,2,3.73
Zanthoxylum armatum,beta-Thujene,C[C@H]1C=C[C@@]2([C@H]1C2)C(C)C,C10H16,136.23,10,0,0.8,1,0,0,45.22,0,2.65,3.41,2.85,4.29,2.55,3.15,-2.77,2.33E-01,1.71E-03,Soluble,-3.09,1.11E-01,8.13E-04,Soluble,-1.78,2.27E+00,1.67E-02,Soluble,Low,Yes,No,No,No,No,No,No,-4.71,1,1,0,0,2,0.55,0,1,1,4.19
Zanthoxylum armatum,Citronellal,O=CC[C@H](CCC=C(C)C)C,C10H18O,154.25,11,0,0.7,5,1,0,49.91,17.07,2.45,3.83,2.96,2.59,2.82,2.93,-2.88,2.04E-01,1.32E-03,Soluble,-3.88,2.01E-02,1.31E-04,Soluble,-2.33,7.26E-01,4.71E-03,Soluble,High,Yes,No,No,No,No,No,No,-4.52,0,1,0,0,2,0.55,0,2,2,2.57
Zanthoxylum armatum,Cryptone,CC([C@H]1CCC(=O)C=C1)C,C9H14O,138.21,10,0,0.67,1,1,0,42.99,17.07,2.11,2.02,2.18,1.89,2.18,2.08,-1.9,1.73E+00,1.25E-02,Very soluble,-2.01,1.36E+00,9.87E-03,Soluble,-1.53,4.07E+00,2.94E-02,Soluble,High,Yes,No,No,No,No,No,No,-5.71,0,1,0,0,2,0.55,0,0,1,3.1
Zanthoxylum armatum,delta-Cadinene,CC1=C[C@@H]2C(=C(C)CC[C@H]2C(C)C)CC1,C15H24,204.35,15,0,0.73,1,0,0,69.04,0,3.41,3.8,4.73,4.63,4.12,4.14,-3.43,7.51E-02,3.67E-04,Soluble,-3.49,6.55E-02,3.20E-04,Soluble,-3.52,6.19E-02,3.03E-04,Soluble,Low,No,No,No,Yes,Yes,No,No,-4.85,1,0,0,0,1,0.55,0,1,2,4.14
Zanthoxylum armatum,Espatulenol,C=C1CC[C@@H]2[C@H]([C@@H]3[C@H]1CC[C@]3(C)O)C2(C)C,C15H24O,220.35,16,0,0.87,0,1,1,68.34,20.23,3,3.11,3.39,3.67,3.27,3.29,-3.17,1.51E-01,6.83E-04,Soluble,-3.2,1.38E-01,6.26E-04,Soluble,-2.96,2.39E-01,1.09E-03,Soluble,High,Yes,No,No,Yes,No,No,No,-5.44,0,0,0,0,1,0.55,0,1,1,3.78
Zanthoxylum armatum,Fargesin,COc1cc(ccc1OC)[C@@H]1OC[C@H]2[C@@H]1CO[C@@H]2c1ccc2c(c1)OCO2,C21H22O6,370.4,27,12,0.43,4,6,0,96.92,55.38,3.51,2.81,2.86,1.79,3.48,2.89,-3.97,3.95E-02,1.07E-04,Soluble,-3.63,8.68E-02,2.34E-04,Soluble,-5.09,3.03E-03,8.18E-06,Moderately soluble,High,Yes,No,No,No,No,Yes,Yes,-6.56,0,0,0,0,0,0.55,0,0,1,4.3
Zanthoxylum armatum,gamma-Terpinene,CC1=CCC(=CC1)C(C)C,C10H16,136.23,10,0,0.6,1,0,0,47.12,0,2.73,4.5,3.31,3.27,2.95,3.35,-3.45,4.79E-02,3.52E-04,Soluble,-4.22,8.19E-03,6.01E-05,Moderately soluble,-2.23,8.06E-01,5.92E-03,Soluble,Low,Yes,No,No,No,No,No,No,-3.94,0,1,0,0,2,0.55,0,1,2,3.11
Zanthoxylum armatum,Hotrienol,C=C[C@@](C/C=C/C(=C)C)(O)C,C10H16O,152.23,11,0,0.4,4,1,1,49.96,20.23,2.52,2.78,2.45,2.49,2.34,2.51,-2.27,8.15E-01,5.35E-03,Soluble,-2.86,2.10E-01,1.38E-03,Soluble,-1.5,4.84E+00,3.18E-02,Soluble,High,Yes,No,No,No,No,No,No,-5.25,0,1,0,0,2,0.55,0,2,1,3.67
Zanthoxylum armatum,Limonene,CC1=CC[C@@H](CC1)C(=C)C,C10H16,136.23,10,0,0.6,1,0,0,47.12,0,2.72,4.57,3.31,3.27,2.97,3.37,-3.5,4.33E-02,3.18E-04,Soluble,-4.29,6.93E-03,5.09E-05,Moderately soluble,-2.26,7.54E-01,5.53E-03,Soluble,Low,Yes,No,No,No,Yes,No,No,-3.89,0,1,0,0,2,0.55,0,1,2,3.46
Zanthoxylum armatum,linalool,C=C[C@@](CCC=C(C)C)(O)C,C10H18O,154.25,11,0,0.6,4,1,1,50.44,20.23,2.71,2.97,2.67,2.59,2.35,2.66,-2.4,6.09E-01,3.95E-03,Soluble,-3.06,1.35E-01,8.75E-04,Soluble,-1.84,2.20E+00,1.43E-02,Soluble,High,Yes,No,No,No,No,No,No,-5.13,0,1,0,0,2,0.55,0,1,1,2.74
Zanthoxylum armatum,Lupeol,CC(=C)[C@@H]1CC[C@]2([C@H]1[C@H]1CC[C@H]3[C@@]([C@]1(C)CC2)(C)CC[C@@H]1[C@]3(C)CC[C@@H](C1(C)C)O)C,C30H50O,426.72,31,0,0.93,1,1,1,135.14,20.23,4.72,9.87,8.02,6.92,6.82,7.27,-8.64,9.83E-07,2.30E-09,Poorly soluble,-10.22,2.58E-08,6.05E-11,Insoluble,-6.74,7.69E-05,1.80E-07,Poorly soluble,Low,No,No,No,No,No,No,No,-1.9,1,3,0,1,2,0.55,0,1,2,5.49
Zanthoxylum armatum,p-Menth-1-en-3-one,CC1=CC(=O)[C@@H](CC1)C(C)C,C10H16O,152.23,11,0,0.7,1,1,0,47.8,17.07,2.38,2.85,2.57,2.2,2.63,2.52,-2.51,4.67E-01,3.07E-03,Soluble,-2.87,2.07E-01,1.36E-03,Soluble,-2.15,1.08E+00,7.10E-03,Soluble,High,Yes,No,No,No,No,No,No,-5.21,0,1,0,0,2,0.55,0,0,1,3.2
Zanthoxylum armatum,Tambulin,COc1ccc(cc1)c1oc2c(OC)c(OC)cc(c2c(=O)c1O)O,C18H16O7,344.32,25,16,0.17,4,7,2,91.44,98.36,3.11,3.14,2.9,0.17,3.12,2.49,-4.16,2.37E-02,6.88E-05,Moderately soluble,-4.88,4.59E-03,1.33E-05,Moderately soluble,-5.33,1.63E-03,4.72E-06,Moderately soluble,High,No,No,Yes,No,Yes,Yes,Yes,-6.17,0,0,0,0,0,0.55,0,0,0,3.51
Zanthoxylum armatum,tau-Muurolol,CC1=C[C@H]2[C@H](CC1)[C@@](C)(O)CC[C@H]2C(C)C,C15H26O,222.37,16,0,0.87,1,1,1,70.72,20.23,3.04,3.34,3.78,3.67,3.22,3.41,-3.26,1.23E-01,5.54E-04,Soluble,-3.44,8.04E-02,3.61E-04,Soluble,-2.73,4.10E-01,1.85E-03,Soluble,High,Yes,No,No,No,No,No,No,-5.29,0,0,0,0,1,0.55,0,1,1,4.29
Zanthoxylum armatum,Terpin-1-en-4-ol,CC1=CC[C@](CC1)(O)C(C)C,C10H18O,154.25,11,0,0.8,1,1,1,48.8,20.23,2.56,3.26,2.5,2.3,2.44,2.61,-2.78,2.54E-01,1.64E-03,Soluble,-3.36,6.75E-02,4.38E-04,Soluble,-1.91,1.92E+00,1.24E-02,Soluble,High,Yes,No,No,No,No,No,No,-4.93,0,1,0,0,2,0.55,0,1,1,3.28
Callicarpa macrophylla,beta-Sitosterol,CC[C@@H](C(C)C)CC[C@H]([C@H]1CC[C@@H]2[C@]1(C)CC[C@H]1[C@H]2CC=C2[C@]1(C)CC[C@@H](C2)O)C,C29H50O,414.71,30,0,0.93,6,1,1,133.23,20.23,5.05,9.34,8.02,6.73,7.04,7.24,-7.9,5.23E-06,1.26E-08,Poorly soluble,-9.67,8.90E-08,2.15E-10,Poorly soluble,-6.19,2.69E-04,6.49E-07,Poorly soluble,Low,No,No,No,No,No,No,No,-2.2,1,3,0,1,2,0.55,0,1,2,6.3
Callicarpa macrophylla,Ursolic acid,CC(=O)O[C@H]1CC[C@]2([C@H](C1(C)C)CC[C@@]1([C@@H]2CC=C2[C@@]1(C)CC[C@@]1([C@H]2[C@@H](C)[C@H](C)CC1)C(=O)O)C)C,C32H50O4,498.74,36,0,0.88,3,4,1,146.65,63.6,4.4,7.92,7.66,6.06,5.97,6.4,-7.72,9.42E-06,1.89E-08,Poorly soluble,-9.11,3.91E-07,7.85E-10,Poorly soluble,-6.28,2.63E-04,5.27E-07,Poorly soluble,Low,No,No,No,No,No,No,No,-3.72,1,4,0,1,1,0.85,0,1,2,6.27
Callicarpa macrophylla,"2alpha,3beta-Dihydroxyolean-12-en-28-oic acid",O[C@@H]1C[C@@]2(C)[C@H](C([C@H]1O)(C)C)CC[C@@]1([C@@H]2CC=C2[C@@]1(C)CC[C@@]1([C@@H]2CC(C)(C)CC1)C(=O)O)C,C30H48O4,472.7,34,0,0.9,1,4,3,137.82,77.76,3.37,6.51,6.2,4.97,4.96,5.2,-6.81,7.39E-05,1.56E-07,Poorly soluble,-7.94,5.43E-06,1.15E-08,Poorly soluble,-5.3,2.37E-03,5.02E-06,Moderately soluble,High,No,Yes,No,No,No,No,No,-4.56,1,3,0,1,1,0.56,0,1,2,6.22
Hyoscyamus niger,Tetradecanoic acid,CCCCCCCCCCCCCC(=O)O,C14H28O2,228.37,16,0,0.93,12,2,1,71.18,37.3,3.32,6.11,4.77,3.69,4.37,4.45,-4.31,1.11E-02,4.86E-05,Moderately soluble,-6.67,4.83E-05,2.11E-07,Poorly soluble,-4.51,7.12E-03,3.12E-05,Moderately soluble,High,Yes,No,Yes,No,No,No,No,-3.35,0,0,1,0,1,0.85,0,0,3,2.09
Hyoscyamus niger,Oleic acid,CCCCCCCC/C=C\CCCCCCCC(=O)O,C18H34O2,282.46,20,0,0.83,15,2,1,89.94,37.3,4.01,7.64,6.11,4.57,5.95,5.65,-5.41,1.09E-03,3.85E-06,Moderately soluble,-8.26,1.54E-06,5.46E-09,Poorly soluble,-5.39,1.14E-03,4.04E-06,Moderately soluble,High,No,No,Yes,No,Yes,No,No,-2.6,1,1,1,1,1,0.85,0,1,2,3.07
Hyoscyamus niger,Octadecanoic acid,CCCCCCCCCCCCCCCCCC(=O)O,C18H36O2,284.48,20,0,0.94,16,2,1,90.41,37.3,4.3,8.23,6.33,4.67,6.13,5.93,-5.73,5.26E-04,1.85E-06,Moderately soluble,-8.87,3.80E-07,1.33E-09,Poorly soluble,-6.11,2.19E-04,7.71E-07,Poorly soluble,High,No,No,Yes,No,No,No,No,-2.19,1,1,1,1,2,0.85,0,0,2,2.54
Hyoscyamus niger,Cuscohygrine,O=C(C[C@@H]1CCCN1C)C[C@H]1CCCN1C,C13H24N2O,224.34,16,0,0.92,4,3,0,74.2,23.55,2.9,1,0.76,1.34,1.77,1.55,-1.6,5.68E+00,2.53E-02,Very soluble,-1.08,1.85E+01,8.25E-02,Very soluble,-1.85,3.17E+00,1.41E-02,Soluble,High,Yes,No,No,No,No,No,No,-6.96,0,0,0,0,0,0.55,0,0,1,2.6
Hyoscyamus niger,Apohyoscine,CN1[C@@H]2C[C@H](C[C@H]1[C@H]1[C@@H]2O1)OC(=O)C(=C)c1ccccc1,C17H19NO3,285.34,21,6,0.47,4,4,0,82.64,42.07,3.02,2.26,1.47,1.93,2.12,2.16,-2.98,2.99E-01,1.05E-03,Soluble,-2.78,4.74E-01,1.66E-03,Soluble,-2.77,4.83E-01,1.69E-03,Soluble,High,Yes,No,No,No,No,Yes,No,-6.44,0,0,0,0,0,0.55,0,2,0,3.87
Hyoscyamus niger,Hyoscine,OC[C@H](c1ccccc1)C(=O)O[C@@H]1C[C@H]2N([C@@H](C1)[C@H]1[C@@H]2O1)C,C17H21NO4,303.35,22,6,0.59,5,5,1,83.48,62.3,2.35,0.98,0.54,1.19,1.49,1.31,-2.21,1.87E+00,6.17E-03,Soluble,-1.88,4.03E+00,1.33E-02,Very soluble,-2.2,1.93E+00,6.37E-03,Soluble,High,No,No,No,No,No,Yes,No,-7.45,0,0,0,0,0,0.55,0,1,0,4.03
Hyoscyamus niger,Hyoscyamine,OC[C@H](c1ccccc1)C(=O)O[C@@H]1C[C@H]2CC[C@@H](C1)N2C,C17H23NO3,289.37,21,6,0.59,5,4,1,84.51,49.77,3.02,1.83,1.55,2.02,2.03,2.09,-2.67,6.21E-01,2.15E-03,Soluble,-2.5,9.25E-01,3.20E-03,Soluble,-2.93,3.41E-01,1.18E-03,Soluble,High,Yes,No,No,No,No,Yes,No,-6.77,0,0,0,0,0,0.55,0,0,0,4.33
Hyoscyamus niger,Pseudotropine,O[C@@H]1C[C@@H]2CC[C@H](C1)N2C,C8H15NO,141.21,10,0,1,0,2,1,44.31,23.47,2.02,0.75,0.22,0.9,0.6,0.9,-1.19,9.16E+00,6.49E-02,Very soluble,-0.82,2.13E+01,1.51E-01,Very soluble,-0.25,7.94E+01,5.62E-01,Soluble,High,No,No,No,No,No,No,No,-6.63,0,1,0,0,1,0.55,0,0,1,3.05
Hyoscyamus niger,Tropine,O[C@@H]1C[C@@H]2CC[C@H](C1)N2C,C8H15NO,141.21,10,0,1,0,2,1,44.31,23.47,2.02,0.75,0.22,0.9,0.6,0.9,-1.19,9.16E+00,6.49E-02,Very soluble,-0.82,2.13E+01,1.51E-01,Very soluble,-0.25,7.94E+01,5.62E-01,Soluble,High,No,No,No,No,No,No,No,-6.63,0,1,0,0,1,0.55,0,0,1,3.05
Hyoscyamus niger,Vanillic acid,COc1cc(ccc1O)C(=O)O,C8H8O4,168.15,12,6,0.12,2,4,2,41.92,66.76,1.4,1.43,1.1,0.74,0.73,1.08,-2.02,1.60E+00,9.52E-03,Soluble,-2.44,6.15E-01,3.66E-03,Soluble,-1.32,8.10E+00,4.82E-02,Soluble,High,No,No,No,No,No,No,No,-6.31,0,0,0,0,1,0.85,0,0,1,1.42
Hyoscyamus niger,Cleomiscosin A,OC[C@H]1Oc2c(O[C@@H]1c1ccc(c(c1)OC)O)c(OC)cc1c2oc(=O)cc1,C20H18O8,386.35,28,16,0.25,4,8,2,98.82,107.59,2.8,2.12,2.06,0.66,2.74,2.07,-3.73,7.20E-02,1.86E-04,Soluble,-4.01,3.77E-02,9.76E-05,Moderately soluble,-5.14,2.78E-03,7.19E-06,Moderately soluble,High,No,Yes,No,No,Yes,Yes,Yes,-7.15,0,0,0,0,0,0.55,0,1,1,4.47
Hyoscyamus niger,Cleomiscosin B,OC[C@H]1Oc2c(OC)cc3c(c2O[C@@H]1c1ccc(c(c1)OC)O)oc(=O)cc3,C20H18O8,386.35,28,16,0.25,4,8,2,98.82,107.59,2.7,2.12,2.06,0.66,2.74,2.06,-3.73,7.20E-02,1.86E-04,Soluble,-4.01,3.77E-02,9.76E-05,Moderately soluble,-5.14,2.78E-03,7.19E-06,Moderately soluble,High,No,Yes,No,No,Yes,Yes,Yes,-7.15,0,0,0,0,0,0.55,0,1,1,4.49
Hyoscyamus niger,Calystegine B1,O[C@@H]1C[C@@]2(N[C@H]1C[C@H]([C@@H]2O)O)O,C7H13NO4,175.18,12,0,1,0,5,5,42.94,92.95,0.82,-2.43,-2.86,-1.59,-1.61,-1.53,0.6,7.05E+02,4.03E+00,Highly soluble,1.02,1.83E+03,1.04E+01,Highly soluble,1.36,4.06E+03,2.32E+01,Soluble,Low,No,Yes,No,No,No,No,No,-9.09,0,1,0,0,2,0.55,0,0,1,4.05
Hyoscyamus niger,Hyosgerin,COc1cc(ccc1O)[C@H]1Oc2c(O[C@@H]1COC(=O)C)c(OC)cc1c2oc(=O)cc1,C22H20O9,428.39,31,16,0.27,6,9,1,108.55,113.66,3.12,2.7,2.64,1.06,3.22,2.55,-4.18,2.81E-02,6.56E-05,Moderately soluble,-4.74,7.80E-03,1.82E-05,Moderately soluble,-5.76,7.50E-04,1.75E-06,Moderately soluble,High,No,No,No,No,Yes,Yes,Yes,-7,0,0,0,0,0,0.55,0,1,1,4.65
Hyoscyamus niger,Venkatasin,COc1cc2ccc(=O)oc2c2c1O[C@@H]([C@H](O2)COC(=O)C)c1ccc(c(c1)OC)O,C22H20O9,428.39,31,16,0.27,6,9,1,108.55,113.66,3.56,2.7,2.64,1.06,3.22,2.64,-4.18,2.81E-02,6.56E-05,Moderately soluble,-4.74,7.80E-03,1.82E-05,Moderately soluble,-5.76,7.50E-04,1.75E-06,Moderately soluble,High,No,No,No,No,Yes,Yes,Yes,-7,0,0,0,0,0,0.55,0,1,1,4.63
Hyoscyamus niger,Calystegine B3,O[C@H]1[C@H]2CC[C@](N2)([C@@H]([C@@H]1O)O)O,C7H13NO4,175.18,12,0,1,0,5,5,42.94,92.95,0.34,-2.43,-2.86,-1.59,-1.61,-1.63,0.6,7.05E+02,4.03E+00,Highly soluble,1.02,1.83E+03,1.04E+01,Highly soluble,1.36,4.06E+03,2.32E+01,Soluble,Low,No,Yes,No,No,No,No,No,-9.09,0,1,0,0,2,0.55,0,0,1,4.05
Hyoscyamus niger,Calystegine A5,O[C@@H]1[C@@H](O)C[C@]2(N[C@@H]1CC2)O,C7H13NO3,159.18,11,0,1,0,4,4,41.78,72.72,0.61,-1.46,-1.83,-0.76,-0.7,-0.83,0.09,1.97E+02,1.24E+00,Highly soluble,0.44,4.35E+02,2.73E+00,Highly soluble,0.57,5.90E+02,3.71E+00,Soluble,High,No,Yes,No,No,No,No,No,-8.31,0,2,0,0,1,0.55,0,0,1,3.88
Hyoscyamus niger,Calystegine A6,O[C@H]1CC[C@@H]2N[C@@]1(O)[C@@H](O)C2,C7H13NO3,159.18,11,0,1,0,4,4,41.78,72.72,0.97,-1.46,-1.83,-0.76,-0.7,-0.76,0.09,1.97E+02,1.24E+00,Highly soluble,0.44,4.35E+02,2.73E+00,Highly soluble,0.57,5.90E+02,3.71E+00,Soluble,High,No,Yes,No,No,No,No,No,-8.31,0,2,0,0,1,0.55,0,0,1,3.69
Hyoscyamus niger,Calystegine N1,O[C@H]1[C@H]2CC[C@](N2)([C@H]([C@@H]1O)O)N,C7H14N2O3,174.2,12,0,1,0,5,5,44.48,98.74,0.12,-2.69,-2.89,-1.59,-1.85,-1.78,0.77,1.04E+03,5.95E+00,Highly soluble,1.17,2.56E+03,1.47E+01,Highly soluble,1.15,2.46E+03,1.41E+01,Soluble,Low,No,Yes,No,No,No,No,No,-9.27,0,1,0,0,2,0.55,0,0,1,3.96
Hyoscyamus niger,Tropinone,CN1[C@@H]2CC[C@H]1CC(=O)C2,C8H13NO,139.19,10,0,0.88,0,2,0,43.35,20.31,1.8,0.34,0.43,0.76,1.19,0.9,-0.92,1.68E+01,1.21E-01,Very soluble,-0.33,6.50E+01,4.67E-01,Very soluble,-0.94,1.59E+01,1.14E-01,Soluble,High,No,No,No,No,No,No,No,-6.91,0,1,0,0,1,0.55,0,0,1,2.78
Hyoscyamus niger,Phenyllactic acid,O[C@H](C(=O)O)Cc1ccccc1,C9H10O3,166.17,12,6,0.22,3,3,2,43.96,57.53,1.09,1.13,0.67,1.1,1.1,1.02,-1.75,2.93E+00,1.76E-02,Very soluble,-1.93,1.94E+00,1.17E-02,Very soluble,-1.64,3.80E+00,2.29E-02,Soluble,High,Yes,No,No,No,No,No,No,-6.51,0,0,0,0,1,0.85,0,0,1,1.62
Hyoscyamus niger,Phenylpyruvate,O=C(C(=O)O)Cc1ccccc1,C9H8O3,164.16,12,6,0.11,3,3,1,42.99,54.37,0.69,1.27,0.88,1.02,1.42,1.06,-1.83,2.43E+00,1.48E-02,Very soluble,-2.01,1.60E+00,9.75E-03,Soluble,-2.12,1.26E+00,7.67E-03,Soluble,High,Yes,No,No,No,No,No,No,-6.4,0,0,0,0,1,0.85,0,1,1,1.12
Musa paradisiaca,5-Hydroxytryptamine,NCCc1c[nH]c2c1cc(O)cc2,C10H12N2O,176.22,13,9,0.2,2,2,3,52.8,62.04,1.18,1.49,1.37,0.65,1.95,1.33,-2.25,9.87E-01,5.60E-03,Soluble,-2.4,7.01E-01,3.98E-03,Soluble,-3.16,1.23E-01,6.98E-04,Soluble,High,Yes,No,No,No,No,No,No,-6.32,0,0,0,0,1,0.55,0,0,1,1.42
Musa paradisiaca,(-)-Salsolinol,C[C@@H]1NCCc2c1cc(O)c(c2)O,C10H13NO2,179.22,13,6,0.4,0,3,3,54.64,52.49,1.59,1.02,0.6,0.83,1.46,1.1,-1.94,2.08E+00,1.16E-02,Very soluble,-1.71,3.48E+00,1.94E-02,Very soluble,-2.28,9.32E-01,5.20E-03,Soluble,High,Yes,No,No,No,No,No,No,-6.67,0,0,0,0,1,0.55,1,1,1,2.07
Musa paradisiaca,Irenolone,Oc1ccc(cc1)c1ccc2c3c1C=C(O)C(=O)c3ccc2,C19H12O3,288.3,22,16,0,1,3,2,86.34,57.53,2.23,4.31,4.2,2.28,3.95,3.4,-4.81,4.41E-03,1.53E-05,Moderately soluble,-5.23,1.69E-03,5.86E-06,Moderately soluble,-5.9,3.60E-04,1.25E-06,Moderately soluble,High,Yes,No,Yes,No,No,Yes,No,-5,0,0,0,0,0,0.55,0,0,1,3.18
Limonia acidissima,(+)-Lirioresinol B,COc1cc(cc(c1O)OC)[C@H]1OC[C@H]2[C@@H]1CO[C@@H]2c1cc(OC)c(c(c1)OC)O,C22H26O8,418.44,30,12,0.45,6,8,2,107.89,95.84,3.52,2.23,2.56,0.56,2.78,2.33,-3.74,7.63E-02,1.82E-04,Soluble,-3.88,5.54E-02,1.32E-04,Soluble,-4.4,1.67E-02,3.98E-05,Moderately soluble,High,No,Yes,No,No,No,Yes,No,-7.27,0,0,0,0,0,0.55,0,0,1,4.36
Limonia acidissima,Integriquinolone,COc1cc(=O)n(c2c1cc(O)cc2)C,C11H11NO3,205.21,15,10,0.18,1,3,1,57.98,51.46,1.93,0.85,1.25,1.05,1.49,1.31,-2.08,1.73E+00,8.41E-03,Soluble,-1.51,6.28E+00,3.06E-02,Very soluble,-2.73,3.84E-01,1.87E-03,Soluble,High,Yes,No,Yes,No,No,No,No,-6.95,0,0,0,0,0,0.55,0,0,1,1.88
Stevia rebaudiana,Gibberellin A20,OC(=O)[C@H]1[C@H]2[C@]3([C@H]4[C@]51CC(=C)[C@](C5)(O)CC4)CCC[C@@]2(C)C(=O)O3,C19H24O5,332.39,24,0,0.79,1,5,2,86.18,83.83,1.85,1.2,2.28,2.56,2.61,2.1,-2.59,8.53E-01,2.57E-03,Soluble,-2.56,9.22E-01,2.77E-03,Soluble,-2.75,5.97E-01,1.79E-03,Soluble,High,No,Yes,No,No,No,No,No,-7.48,0,0,0,0,0,0.56,0,1,0,5.74
Stevia rebaudiana,Indole-3-acetonitrile,CCc1c[nH]c2c1cccc2,C10H11N,145.2,11,9,0.2,1,0,1,48.07,15.79,1.85,2.79,2.73,2.19,3.35,2.58,-3.04,1.33E-01,9.17E-04,Soluble,-2.78,2.42E-01,1.67E-03,Soluble,-4.05,1.29E-02,8.87E-05,Moderately soluble,High,Yes,No,Yes,No,No,No,No,-5.2,0,1,0,0,2,0.55,0,0,1,1.2
Stevia rebaudiana,Copalyl diphosphate,C/C(=C\COP(=O)(OP(=O)(O)O)O)/CC[C@H]1C(=C)CC[C@@H]2[C@@]1(C)CCCC2(C)C,C20H36O7P2,450.44,29,0,0.8,8,7,3,115.54,132.91,2.28,3.88,5.74,2.3,3.08,3.46,-4.55,1.27E-02,2.82E-05,Moderately soluble,-6.37,1.93E-04,4.28E-07,Poorly soluble,-3.08,3.76E-01,8.34E-04,Soluble,Low,No,Yes,No,No,No,No,No,-6.29,0,1,0,1,0,0.56,0,2,3,5.92
Stevia rebaudiana,Geranylgeranyl diphosphate,C/C(=C\CC/C(=C/COP(=O)(OP(=O)(O)O)O)/C)/CC/C=C(/CCC=C(C)C)\C,C20H36O7P2,450.44,29,0,0.6,14,7,3,119.34,132.91,2.28,3.88,6.36,2.3,3.08,3.46,-4.55,1.27E-02,2.82E-05,Moderately soluble,-6.37,1.93E-04,4.28E-07,Poorly soluble,-3.08,3.76E-01,8.34E-04,Soluble,Low,No,Yes,No,No,No,No,No,-6.29,0,1,0,1,0,0.56,0,2,3,5.92
Stevia rebaudiana,Pyruvic acid,OC(=O)C(=O)C,C3H4O3,88.06,6,0,0.33,1,3,1,18.51,54.37,0.25,-0.33,-0.34,-0.96,-0.48,-0.37,-0.11,6.80E+01,7.73E-01,Very soluble,-0.35,3.93E+01,4.46E-01,Very soluble,0.51,2.86E+02,3.25E+00,Soluble,High,No,No,No,No,No,No,No,-7.07,0,3,0,0,2,0.85,0,1,1,1
Stevia rebaudiana,Eupatorin,COc1cc2oc(cc(=O)c2c(c1OC)O)c1ccc(c(c1)O)OC,C18H16O7,344.32,25,16,0.17,4,7,2,91.44,98.36,3.07,3.4,2.9,0.17,3.12,2.53,-4.33,1.62E-02,4.72E-05,Moderately soluble,-5.14,2.47E-03,7.16E-06,Moderately soluble,-5.33,1.63E-03,4.72E-06,Moderately soluble,High,No,No,Yes,No,Yes,Yes,Yes,-5.99,0,0,0,0,0,0.55,0,0,0,3.43
Stevia rebaudiana,"(S)-2,3-Epoxysqualene",C/C(=C\CC/C=C(/CC/C=C(/CC[C@@H]1OC1(C)C)\C)\C)/CC/C=C(/CCC=C(C)C)\C,C30H50O,426.72,31,0,0.67,15,1,0,142.96,12.53,3.07,3.4,9.82,0.17,3.12,2.53,-4.33,1.62E-02,4.72E-05,Moderately soluble,-5.14,2.47E-03,7.16E-06,Moderately soluble,-5.33,1.63E-03,4.72E-06,Moderately soluble,High,No,No,Yes,No,Yes,Yes,Yes,-5.99,0,0,0,0,0,0.55,0,0,0,3.43
Stevia rebaudiana,Glyceraldehyde 3-phosphate,O=C[C@@H](COP(=O)(O)O)O,C3H7O6P,170.06,10,0,0.67,4,6,3,29.97,113.87,-0.71,-2.67,-1.34,-2.64,-1.08,-1.69,1.05,1.92E+03,1.13E+01,Highly soluble,0.83,1.14E+03,6.73E+00,Highly soluble,1.69,8.33E+03,4.90E+01,Soluble,High,No,No,No,No,No,No,No,-9.23,0,3,0,0,3,0.56,0,2,1,3.65
Stevia rebaudiana,Dimethylally pyrophosphate,CC(=CCOP(=O)(OP(=O)(O)O)O)C,C5H12O7P2,246.09,14,0,0.6,5,7,3,48.66,132.91,-0.12,-1.15,1.18,-1.45,-0.93,-0.49,-0.31,1.20E+02,4.88E-01,Very soluble,-1.15,1.75E+01,7.10E-02,Very soluble,1.05,2.77E+03,1.13E+01,Soluble,High,No,No,No,No,No,No,No,-8.62,0,0,0,1,0,0.56,0,2,1,3.84
Stevia rebaudiana,"ME-2,4cPP",OC[C@]1(C)OP(=O)(O)OP(=O)(OC[C@H]1O)O,C5H12O9P2,278.09,16,0,1,1,9,4,49.3,162.37,-0.16,-2.84,-0.64,-2.91,-1.24,-1.56,0.29,5.44E+02,1.95E+00,Highly soluble,-0.01,2.69E+02,9.68E-01,Very soluble,1.78,1.69E+04,6.08E+01,Soluble,Low,No,No,No,No,No,No,No,-10.01,0,1,1,1,2,0.11,0,1,0,4.67
Stevia rebaudiana,2-C-Methyl-D-erythritol 4-phosphate,OC[C@@]([C@@H](COP(=O)(O)O)O)(O)C,C5H13O7P,216.13,13,0,1,5,7,5,41.74,137.26,-0.28,-3.29,-1.8,-2.47,-1.82,-1.93,1.22,3.61E+03,1.67E+01,Highly soluble,0.98,2.07E+03,9.56E+00,Highly soluble,1.94,1.86E+04,8.61E+01,Soluble,Low,No,No,No,No,No,No,No,-9.95,0,1,0,1,1,0.56,0,1,1,4.39
Stevia rebaudiana,Jhanol,C=C[C@@]1(C)CC[C@H]2[C@@](O1)(C)CC[C@@H]1[C@]2(C)CCC[C@@]1(C)CO,C20H34O2,306.48,22,0,0.9,2,2,1,93.24,29.46,3.58,4.52,4.72,3.93,4.77,4.3,-4.46,1.07E-02,3.50E-05,Moderately soluble,-4.86,4.23E-03,1.38E-05,Moderately soluble,-4.53,9.02E-03,2.94E-05,Moderately soluble,High,Yes,No,No,No,No,No,No,-4.96,0,0,0,0,0,0.55,0,1,1,4.61
Stevia rebaudiana,Sterebin E,OC/C=C(/C=C/[C@H]1[C@](C)(O)[C@@H](O)[C@@H]([C@@H]2[C@]1(C)CCCC2(C)C)O)\C,C20H34O4,338.48,24,0,0.8,3,4,4,97.24,80.92,2.68,2.97,2.42,2.09,2.7,2.57,-3.61,8.28E-02,2.45E-04,Soluble,-4.33,1.57E-02,4.65E-05,Moderately soluble,-1.89,4.37E+00,1.29E-02,Soluble,High,No,Yes,No,No,No,No,No,-6.26,0,0,0,0,0,0.55,0,1,0,5.62
Stevia rebaudiana,Sterebin F,OC/C=C(\C=C\[C@H]1[C@](C)(O)[C@@H](O)[C@@H]([C@H]2[C@]1(C)CCCC2(C)C)O)/C,C20H34O4,338.48,24,0,0.8,3,4,4,97.24,80.92,2.68,2.97,2.42,2.09,2.7,2.57,-3.61,8.28E-02,2.45E-04,Soluble,-4.33,1.57E-02,4.65E-05,Moderately soluble,-1.89,4.37E+00,1.29E-02,Soluble,High,No,Yes,No,No,No,No,No,-6.26,0,0,0,0,0,0.55,0,1,0,5.62
Stevia rebaudiana,Austroinulin,C=C/C(=C\C[C@H]1[C@](C)(O)[C@@H](O)[C@@H]([C@@H]2[C@]1(C)CCCC2(C)C)O)/C,C20H34O3,322.48,23,0,0.8,3,3,3,96.08,60.69,2.89,4.46,3.44,2.94,3.46,3.44,-4.45,1.14E-02,3.54E-05,Moderately soluble,-5.45,1.13E-03,3.52E-06,Moderately soluble,-2.83,4.77E-01,1.48E-03,Soluble,High,Yes,No,No,No,No,No,No,-5.1,0,0,0,0,0,0.55,0,1,1,5.34
Stevia rebaudiana,Austroinulin 6-O-acetate,C=C/C(=C\C[C@H]1[C@](C)(O)[C@@H](O)[C@@H]([C@@H]2[C@]1(C)CCCC2(C)C)OC(=O)C)/C,C22H36O4,364.52,26,0,0.77,5,4,2,105.82,66.76,2.01,5.03,4.01,3.25,3.99,3.66,-4.94,4.20E-03,1.15E-05,Moderately soluble,-6.17,2.45E-04,6.72E-07,Poorly soluble,-3.45,1.28E-01,3.52E-04,Soluble,High,Yes,Yes,No,No,No,No,Yes,-4.95,0,0,0,0,1,0.55,0,1,2,5.24
Stevia rebaudiana,Sterebin D,CC(=O)/C=C/[C@H]1[C@](C)(O)[C@@H](O)C[C@H]2[C@]1(C)CCCC2(C)C,C18H30O3,294.43,21,0,0.83,2,3,2,85.98,57.53,2.78,3.04,3.1,2.48,3.26,2.93,-3.45,1.05E-01,3.56E-04,Soluble,-3.91,3.59E-02,1.22E-04,Soluble,-2.75,5.27E-01,1.79E-03,Soluble,High,Yes,No,No,No,No,No,No,-5.94,0,0,0,0,0,0.55,0,1,0,4.66
Stevia rebaudiana,Sterebin A,CC(=O)/C=C/[C@H]1[C@](C)(O)[C@@H](O)[C@@H]([C@H]2[C@]1(C)CCCC2(C)C)O,C18H30O4,310.43,22,0,0.83,2,4,3,87.14,77.76,2.68,2.06,2.07,1.63,2.37,2.16,-2.93,3.64E-01,1.17E-03,Soluble,-3.32,1.48E-01,4.77E-04,Soluble,-1.93,3.61E+00,1.16E-02,Soluble,High,No,No,No,No,No,No,No,-6.73,0,0,0,0,0,0.55,0,1,0,4.98
Stevia rebaudiana,Sterebin B,CC(=O)/C=C/[C@H]1[C@](C)(O)[C@@H](O)[C@@H]([C@@H]2[C@]1(C)CCCC2(C)C)OC(=O)C,C20H32O5,352.47,25,0,0.8,4,5,2,96.88,83.83,1.72,2.63,2.64,1.98,2.89,2.37,-3.42,1.35E-01,3.82E-04,Soluble,-4.04,3.21E-02,9.10E-05,Moderately soluble,-2.56,9.71E-01,2.75E-03,Soluble,High,No,Yes,No,No,No,No,No,-6.58,0,0,0,0,0,0.55,0,1,1,5.04
Stevia rebaudiana,Sterebin C,CC(=O)/C=C/[C@H]1[C@](C)(O)[C@@H](OC(=O)C)[C@@H]([C@@H]2[C@]1(C)CCCC2(C)C)O,C20H32O5,352.47,25,0,0.8,4,5,2,96.88,83.83,2.9,2.63,2.64,1.98,2.89,2.61,-3.42,1.35E-01,3.82E-04,Soluble,-4.04,3.21E-02,9.10E-05,Moderately soluble,-2.56,9.71E-01,2.75E-03,Soluble,High,No,No,No,No,No,No,No,-6.58,0,0,0,0,0,0.55,0,1,1,5.02
Stevia rebaudiana,Steviol,OC(=O)[C@]1(C)CCC[C@@]2([C@@H]1CC[C@@]13[C@H]2CC[C@](C3)(C(=C)C1)O)C,C20H30O3,318.45,23,0,0.85,1,3,2,91.52,57.53,2.61,3.79,4.16,3.75,3.83,3.63,-4.14,2.33E-02,7.31E-05,Moderately soluble,-4.69,6.47E-03,2.03E-05,Moderately soluble,-3.75,5.68E-02,1.78E-04,Soluble,High,Yes,Yes,No,No,Yes,No,No,-5.55,0,0,0,0,0,0.85,0,1,1,5.07
Stevia rebaudiana,Steviolmonoside,OC[C@H]1O[C@@H](O[C@@]23CC[C@@H]4[C@@](C2)(CC3=C)CC[C@H]2[C@@]4(C)CCC[C@@]2(C)C(=O)O)[C@@H]([C@H]([C@@H]1O)O)O,C26H40O8,480.59,34,0,0.88,4,8,5,123.9,136.68,2.07,2.2,1.98,1.36,1.74,1.87,-3.94,5.50E-02,1.14E-04,Soluble,-4.7,9.49E-03,1.98E-05,Moderately soluble,-2.01,4.71E+00,9.79E-03,Soluble,High,No,Yes,No,No,No,No,No,-7.67,0,2,0,1,0,0.56,0,2,1,7.25
Stevia rebaudiana,Sterebin I,O=C/C=C(/C=C/[C@H]1[C@](C)(O)[C@@H](O)[C@@H]([C@@H]2[C@@]1(C)CCCC2(C)C)O)\C,C20H32O4,336.47,24,0,0.75,3,4,3,96.28,77.76,2.91,3.11,2.62,1.99,3,2.73,-3.69,6.91E-02,2.05E-04,Soluble,-4.41,1.30E-02,3.88E-05,Moderately soluble,-2.01,3.30E+00,9.79E-03,Soluble,High,Yes,Yes,No,No,No,No,No,-6.14,0,0,0,0,0,0.55,0,3,0,5.39
Stevia rebaudiana,Sterebin J,O=C/C=C(\C=C\[C@H]1[C@](C)(O)[C@@H](O)[C@@H]([C@@H]2[C@@]1(C)CCCC2(C)C)O)/C,C20H32O4,336.47,24,0,0.75,3,4,3,96.28,77.76,2.91,3.11,2.62,1.99,3,2.73,-3.69,6.91E-02,2.05E-04,Soluble,-4.41,1.30E-02,3.88E-05,Moderately soluble,-2.01,3.30E+00,9.79E-03,Soluble,High,Yes,Yes,No,No,No,No,No,-6.14,0,0,0,0,0,0.55,0,3,0,5.39
Stevia rebaudiana,Sterebin K,COC/C=C(/C=C/[C@H]1[C@](C)(O)[C@@H](O)[C@@H]([C@@H]2[C@]1(C)CCCC2(C)C)O)\C,C21H36O4,352.51,25,0,0.81,4,4,3,101.97,69.92,3.17,3.51,3.07,2.31,3.25,3.06,-3.97,3.75E-02,1.06E-04,Soluble,-4.66,7.68E-03,2.18E-05,Moderately soluble,-2.58,9.21E-01,2.61E-03,Soluble,High,Yes,No,No,No,No,No,No,-5.96,0,0,0,0,0,0.55,0,1,2,5.74
Stevia rebaudiana,Sterebin L,COC/C=C(\C=C\[C@H]1[C@](C)(O)[C@@H](O)[C@@H]([C@@H]2[C@]1(C)CCCC2(C)C)O)/C,C21H36O4,352.51,25,0,0.81,4,4,3,101.97,69.92,3.17,3.51,3.07,2.31,3.25,3.06,-3.97,3.75E-02,1.06E-04,Soluble,-4.66,7.68E-03,2.18E-05,Moderately soluble,-2.58,9.21E-01,2.61E-03,Soluble,High,Yes,No,No,No,No,No,No,-5.96,0,0,0,0,0,0.55,0,1,2,5.74
Stevia rebaudiana,Sterebin M,C=C[C@@](/C=C/[C@H]1[C@](C)(O)[C@@H](O)[C@@H]([C@@H]2[C@@]1(C)CCCC2(C)C)O)(O)C,C20H34O4,338.48,24,0,0.8,3,4,4,97.28,80.92,2.95,2.74,2.41,2.09,2.7,2.58,-3.47,1.16E-01,3.41E-04,Soluble,-4.09,2.73E-02,8.06E-05,Moderately soluble,-1.89,4.37E+00,1.29E-02,Soluble,High,No,Yes,No,No,No,No,No,-6.42,0,0,0,0,0,0.55,0,1,0,5.4
Stevia rebaudiana,Sterebin N,C=C[C@](/C=C/[C@H]1[C@](C)(O)[C@@H](O)[C@@H]([C@@H]2[C@@]1(C)CCCC2(C)C)O)(O)C,C20H34O4,338.48,24,0,0.8,3,4,4,97.28,80.92,2.93,2.74,2.41,2.09,2.7,2.57,-3.47,1.16E-01,3.41E-04,Soluble,-4.09,2.73E-02,8.06E-05,Moderately soluble,-1.89,4.37E+00,1.29E-02,Soluble,High,No,Yes,No,No,No,No,No,-6.42,0,0,0,0,0,0.55,0,1,0,5.4
Stevia rebaudiana,Baccharis oxide,CC(=CCC[C@]1(C)CC[C@]2([C@@](C1)(C)CC[C@@]1([C@@H]2CC[C@@H]2[C@@]31CC[C@H](O3)C2(C)C)C)C)C,C30H50O,426.72,31,0,0.93,3,1,0,135.1,9.23,5.07,9.85,8.72,6.92,8.01,7.71,-8.49,1.37E-06,3.21E-09,Poorly soluble,-9.97,4.61E-08,1.08E-10,Poorly soluble,-7.74,7.71E-06,1.81E-08,Poorly soluble,Low,No,No,No,No,No,No,No,-1.91,1,3,0,1,2,0.55,0,1,2,6.7
Phyllanthus emblica,Catechin,Oc1cc2O[C@H](c3ccc(c(c3)O)O)[C@H](Cc2c(c1)O)O,C15H14O6,290.27,21,12,0.2,1,6,5,74.33,110.38,1.33,0.36,1.22,0.24,0.98,0.83,-2.22,1.74E+00,5.98E-03,Soluble,-2.24,1.66E+00,5.72E-03,Soluble,-2.14,2.09E+00,7.19E-03,Soluble,High,No,Yes,No,No,No,No,No,-7.82,0,0,0,0,0,0.55,1,1,0,3.5
Phyllanthus emblica,Epicatechin,Oc1cc2O[C@H](c3ccc(c(c3)O)O)[C@@H](Cc2c(c1)O)O,C15H14O6,290.27,21,12,0.2,1,6,5,74.33,110.38,1.47,0.36,1.22,0.24,0.98,0.85,-2.22,1.74E+00,5.98E-03,Soluble,-2.24,1.66E+00,5.72E-03,Soluble,-2.14,2.09E+00,7.19E-03,Soluble,High,No,Yes,No,No,No,No,No,-7.82,0,0,0,0,0,0.55,1,1,0,3.5
Phyllanthus emblica,Epigallocatechin gallate,Oc1cc(O)c2c(c1)O[C@@H]([C@@H](C2)OC(=O)c1cc(O)c(c(c1)O)O)c1cc(O)c(c(c1)O)O,C22H18O11,458.37,33,18,0.14,4,11,8,112.06,197.37,1.53,1.17,1.91,-0.18,0.57,1,-3.56,1.27E-01,2.76E-04,Soluble,-4.91,5.64E-03,1.23E-05,Moderately soluble,-2.5,1.46E+00,3.18E-03,Soluble,Low,No,No,No,No,No,No,No,-8.27,2,0,1,1,3,0.17,1,1,1,4.2
Phyllanthus emblica,Eriodictyol,Oc1cc2O[C@@H](CC(=O)c2c(c1)O)c1ccc(c(c1)O)O,C15H12O6,288.25,21,12,0.13,1,6,4,73.59,107.22,1.62,2.02,1.89,0.16,1.56,1.45,-3.26,1.60E-01,5.54E-04,Soluble,-3.9,3.64E-02,1.26E-04,Soluble,-2.84,4.19E-01,1.45E-03,Soluble,High,No,Yes,No,No,No,No,Yes,-6.62,0,0,0,0,0,0.55,1,1,0,3.11
Phyllanthus emblica,Naringenin,Oc1ccc(cc1)[C@@H]1CC(=O)c2c(O1)cc(cc2O)O,C15H12O5,272.25,20,12,0.13,1,5,3,71.57,86.99,1.75,2.52,2.19,0.71,2.05,1.84,-3.49,8.74E-02,3.21E-04,Soluble,-3.99,2.77E-02,1.02E-04,Soluble,-3.42,1.04E-01,3.82E-04,Soluble,High,No,Yes,Yes,No,No,No,Yes,-6.17,0,0,0,0,0,0.55,0,0,0,3.01
Phyllanthus emblica,Naringenin 7-O-beta-D-glucoside,OC[C@H]1O[C@@H](Oc2cc3O[C@@H](CC(=O)c3c(c2)O)c2ccc(cc2)O)[C@@H]([C@H]([C@H]1O)O)O,C21H22O10,434.39,31,12,0.38,4,10,6,103.69,166.14,1.69,0.65,-0.34,-1.42,-0.11,0.09,-2.97,4.71E-01,1.08E-03,Soluble,-3.71,8.38E-02,1.93E-04,Soluble,-1.71,8.55E+00,1.97E-02,Soluble,Low,No,Yes,No,No,No,No,No,-8.49,1,0,1,1,2,0.55,0,0,1,4.98
Phyllanthus emblica,Tuberonic acid glucoside,OC[C@@H]1O[C@@H](OCC/C=C\C[C@@H]2[C@H](CCC2=O)CC(=O)O)[C@@H]([C@H]([C@@H]1O)O)O,C18H28O9,388.41,27,0,0.78,9,9,5,92.73,153.75,1.4,-1.22,-0.79,-1.26,0,-0.37,-0.89,5.06E+01,1.30E-01,Very soluble,-1.51,1.19E+01,3.06E-02,Very soluble,0.47,1.14E+03,2.94E+00,Soluble,Low,No,Yes,No,No,No,No,No,-9.54,0,1,1,1,1,0.11,0,1,2,5.57
Phyllanthus emblica,Gallic acid,OC(=O)c1cc(O)c(c(c1)O)O,C7H6O5,170.12,12,6,0,1,5,4,39.47,97.99,0.21,0.7,0.5,-0.16,-0.2,0.21,-1.64,3.90E+00,2.29E-02,Very soluble,-2.34,7.86E-01,4.62E-03,Soluble,-0.04,1.55E+02,9.10E-01,Soluble,High,No,No,No,No,No,No,Yes,-6.84,0,2,0,0,1,0.56,1,1,1,1.22
Phyllanthus emblica,Protocatechuic acid,OC(=O)c1ccc(c(c1)O)O,C7H6O4,154.12,11,6,0,1,4,3,37.45,77.76,0.66,1.15,0.8,0.4,0.26,0.65,-1.86,2.14E+00,1.39E-02,Very soluble,-2.38,6.46E-01,4.19E-03,Soluble,-0.6,3.83E+01,2.48E-01,Soluble,High,No,No,No,No,No,No,Yes,-6.42,0,3,0,0,1,0.56,1,1,1,1.07
Phyllanthus emblica,Pyrogallol,Oc1c(O)cccc1O,C6H6O3,126.11,9,6,0,0,3,3,32.51,60.69,0.97,0.52,0.8,0.18,0.43,0.58,-1.44,4.55E+00,3.61E-02,Very soluble,-1.37,5.44E+00,4.31E-02,Very soluble,-0.63,2.96E+01,2.34E-01,Soluble,High,Yes,No,No,No,No,No,Yes,-6.7,0,3,0,0,1,0.55,1,1,1,1
Phyllanthus emblica,Lupeol,CC(=C)[C@@H]1CC[C@]2([C@H]1[C@H]1CC[C@H]3[C@@]([C@]1(C)CC2)(C)CC[C@@H]1[C@]3(C)CC[C@@H](C1(C)C)O)C,C30H50O,426.72,31,0,0.93,1,1,1,135.14,20.23,4.72,9.87,8.02,6.92,6.82,7.27,-8.64,9.83E-07,2.30E-09,Poorly soluble,-10.22,2.58E-08,6.05E-11,Insoluble,-6.74,7.69E-05,1.80E-07,Poorly soluble,Low,No,No,No,No,No,No,No,-1.9,1,3,0,1,2,0.55,0,1,2,5.49
Phyllanthus emblica,Kaempferol,Oc1ccc(cc1)c1oc2cc(O)cc(c2c(=O)c1O)O,C15H10O6,286.24,21,16,0,1,6,4,76.01,111.13,1.7,1.9,2.28,-0.03,2.03,1.58,-3.31,1.40E-01,4.90E-04,Soluble,-3.86,3.98E-02,1.39E-04,Soluble,-3.82,4.29E-02,1.50E-04,Soluble,High,No,No,Yes,No,No,Yes,Yes,-6.7,0,0,0,0,0,0.55,0,0,0,3.14
Phyllanthus emblica,Quercetin,Oc1cc(O)c2c(c1)oc(c(c2=O)O)c1ccc(c(c1)O)O,C15H10O7,302.24,22,16,0,1,7,5,78.03,131.36,1.63,1.54,1.99,-0.56,1.54,1.23,-3.16,2.11E-01,6.98E-04,Soluble,-3.91,3.74E-02,1.24E-04,Soluble,-3.24,1.73E-01,5.73E-04,Soluble,High,No,No,Yes,No,No,Yes,Yes,-7.05,0,0,0,0,0,0.55,1,1,0,3.23
Phyllanthus emblica,Kaempferol 3-O-rhamnoside,Oc1ccc(cc1)c1oc2cc(O)cc(c2c(=O)c1O[C@@H]1O[C@@H](C)[C@@H]([C@H]([C@@H]1O)O)O)O,C21H20O10,432.38,31,16,0.29,3,10,6,106.97,170.05,2.09,1.22,0.78,-1.34,0.48,0.65,-3.47,1.45E-01,3.36E-04,Soluble,-4.39,1.77E-02,4.09E-05,Moderately soluble,-2.67,9.14E-01,2.11E-03,Soluble,Low,No,No,No,No,No,No,No,-8.07,1,0,1,1,2,0.55,0,0,1,5.25
Phyllanthus emblica,Quercetin-3-O-glucoside,OC[C@H]1O[C@@H](Oc2c(oc3c(c2=O)c(O)cc(c3)O)c2ccc(c(c2)O)O)[C@@H]([C@@H]([C@@H]1O)O)O,C21H20O12,464.38,33,16,0.29,4,12,8,110.16,210.51,1.64,0.36,-0.54,-2.59,-0.59,-0.34,-3.04,4.23E-01,9.10E-04,Soluble,-4.35,2.10E-02,4.51E-05,Moderately soluble,-1.51,1.43E+01,3.08E-02,Soluble,Low,No,No,No,No,No,No,No,-8.88,2,1,1,1,3,0.17,1,1,1,5.32
Phyllanthus emblica,Quercetin3-O-alpha-rhamnopyranoside,Oc1cc(O)c2c(c1)oc(c(c2=O)O[C@@H]1O[C@@H](C)[C@@H]([C@H]([C@@H]1O)O)O)c1ccc(c(c1)O)O,C21H20O11,448.38,32,16,0.29,3,11,7,109,190.28,2.34,0.86,0.49,-1.84,0.01,0.37,-3.33,2.08E-01,4.64E-04,Soluble,-4.44,1.63E-02,3.63E-05,Moderately soluble,-2.08,3.69E+00,8.22E-03,Soluble,Low,No,Yes,No,No,No,No,No,-8.42,2,0,1,1,3,0.17,1,1,1,5.28
Phyllanthus emblica,Myricitrin,Oc1cc(O)c2c(c1)oc(c(c2=O)O[C@@H]1O[C@@H](C)[C@@H]([C@H]([C@@H]1O)O)O)c1cc(O)c(c(c1)O)O,C21H20O12,464.38,33,16,0.29,3,12,8,111.02,210.51,1.41,0.51,0.19,-2.32,-0.46,-0.14,-3.2,2.92E-01,6.29E-04,Soluble,-4.5,1.46E-02,3.15E-05,Moderately soluble,-1.49,1.49E+01,3.21E-02,Soluble,Low,No,No,No,No,No,No,No,-8.77,2,0,1,1,3,0.17,1,1,1,5.32
Phyllanthus emblica,dihydrokaempferol,Oc1ccc(cc1)[C@@H]1Oc2cc(O)cc(c2C(=O)[C@@H]1O)O,C15H12O6,288.25,21,12,0.13,1,6,4,72.73,107.22,1.51,1.31,1.16,-0.1,1.15,1.01,-2.81,4.47E-01,1.55E-03,Soluble,-3.16,1.98E-01,6.88E-04,Soluble,-2.61,7.12E-01,2.47E-03,Soluble,High,No,No,No,No,No,No,No,-7.13,0,0,0,0,0,0.55,0,0,0,3.42
Phyllanthus emblica,(2S)-Eriodictyol 7-O-beta-D-glucopyranoside,OC[C@H]1O[C@@H](Oc2cc3O[C@@H](CC(=O)c3c(c2)O)c2ccc(c(c2)O)O)[C@@H]([C@H]([C@@H]1O)O)O,C21H22O11,450.39,32,12,0.38,4,11,7,105.72,186.37,1.47,0.3,-0.64,-1.91,-0.59,-0.27,-2.83,6.59E-01,1.46E-03,Soluble,-3.78,7.54E-02,1.67E-04,Soluble,-1.11,3.46E+01,7.67E-02,Soluble,Low,No,Yes,No,No,No,No,No,-8.83,2,1,1,1,3,0.17,1,1,1,5.05
Phyllanthus emblica,(-)-Epigallocatechin,Oc1cc2O[C@H](c3cc(O)c(c(c3)O)O)[C@@H](Cc2c(c1)O)O,C15H14O7,306.27,22,12,0.2,1,7,6,76.36,130.61,0.98,0,0.93,-0.29,0.49,0.42,-2.08,2.57E+00,8.39E-03,Soluble,-2.29,1.56E+00,5.08E-03,Soluble,-1.56,8.42E+00,2.75E-02,Soluble,High,No,No,No,No,No,No,No,-8.17,1,0,0,0,1,0.55,1,1,0,3.53
Phyllanthus emblica,(-)-Epicatechin 3-O-gallate,Oc1cc(O)c2c(c1)O[C@@H]([C@@H](C2)OC(=O)c1cc(O)c(c(c1)O)O)c1ccc(c(c1)O)O,C22H18O10,442.37,32,18,0.14,4,10,7,110.04,177.14,1.7,1.53,2.2,0.32,1.04,1.36,-3.7,8.85E-02,2.00E-04,Soluble,-4.86,6.12E-03,1.38E-05,Moderately soluble,-3.09,3.60E-01,8.15E-04,Soluble,Low,No,No,No,No,No,No,No,-7.91,1,0,1,1,2,0.55,1,1,1,4.16
Phyllanthus emblica,Ethyl gallate,CCOC(=O)c1cc(O)c(c(c1)O)O,C9H10O5,198.17,14,6,0.22,3,5,3,48.6,86.99,1.21,1.3,0.98,0.49,0.62,0.92,-2.01,1.95E+00,9.84E-03,Soluble,-2.73,3.72E-01,1.87E-03,Soluble,-1.16,1.38E+01,6.95E-02,Soluble,High,No,No,No,No,No,No,No,-6.59,0,0,0,0,1,0.55,1,1,1,1.69
Phyllanthus emblica,Glochidacuminoside A,OC[C@H]1O[C@@H](Oc2ccccc2CC(=O)O)[C@@H]([C@H]([C@@H]1O)O)O,C14H18O8,314.29,22,6,0.5,5,8,5,72.13,136.68,0.58,-0.87,-1.51,-1.29,-0.93,-0.8,-1.11,2.43E+01,7.72E-02,Very soluble,-1.52,9.52E+00,3.03E-02,Very soluble,0.02,3.29E+02,1.05E+00,Soluble,Low,No,No,No,No,No,No,No,-8.83,0,1,0,1,0,0.56,0,0,0,4.34
Phyllanthus emblica,L-Malic acid 2-O-gallate,OC(=O)C[C@@H](C(=O)O)OC(=O)c1cc(O)c(c(c1)O)O,C11H10O9,286.19,20,6,0.18,6,9,5,61.76,161.59,-0.25,-0.16,-0.11,-0.63,-0.8,-0.39,-1.34,1.31E+01,4.58E-02,Very soluble,-2.78,4.77E-01,1.67E-03,Soluble,0.44,7.92E+02,2.77E+00,Soluble,Low,No,No,No,No,No,No,No,-8.16,0,0,1,1,1,0.11,1,1,0,2.81
Phyllanthus emblica,Mucic acid 1-methyl ester 2-O-gallate,COC(=O)[C@@H]([C@H]([C@H]([C@@H](C(=O)O)O)O)O)OC(=O)c1cc(O)c(c(c1)O)O,C14H16O12,376.27,26,6,0.36,9,12,7,79.17,211.28,0.06,-1.63,-2.33,-2.1,-1.71,-1.54,-0.72,7.12E+01,1.89E-01,Very soluble,-2.3,1.90E+00,5.05E-03,Soluble,1.78,2.25E+04,5.98E+01,Soluble,Low,No,No,No,No,No,No,No,-9.75,2,1,1,1,3,0.11,1,2,2,3.94
Phyllanthus emblica,Mucic acid 6-methyl ester 2-O-gallate,COC(=O)[C@H]([C@@H]([C@@H]([C@H](C(=O)O)OC(=O)c1cc(O)c(c(c1)O)O)O)O)O,C14H16O12,376.27,26,6,0.36,9,12,7,79.17,211.28,0.26,-1.63,-2.33,-2.1,-1.71,-1.5,-0.72,7.12E+01,1.89E-01,Very soluble,-2.3,1.90E+00,5.05E-03,Soluble,1.78,2.25E+04,5.98E+01,Soluble,Low,No,No,No,No,No,No,No,-9.75,2,1,1,1,3,0.11,1,2,2,3.9
Phyllanthus emblica,Mucic acid dimethyl ester 2-O-gallate,COC(=O)[C@@H]([C@H]([C@H]([C@@H](C(=O)OC)O)O)O)OC(=O)c1cc(O)c(c(c1)O)O,C15H18O12,390.3,27,6,0.4,10,12,6,83.49,200.28,1.62,-1.3,-2.24,-1.85,-1.16,-0.99,-0.95,4.43E+01,1.13E-01,Very soluble,-2.41,1.53E+00,3.91E-03,Soluble,1.08,4.75E+03,1.22E+01,Soluble,Low,No,No,No,No,No,No,No,-9.6,2,1,1,1,3,0.17,1,2,2,4.05
Phyllanthus emblica,Multifidol glucoside,OC[C@H]1O[C@@H](Oc2cc(O)cc(c2C(=O)[C@@H](CC)C)O)[C@@H]([C@H]([C@@H]1O)O)O,C17H24O9,372.37,26,6,0.59,6,9,6,89.25,156.91,1.29,0.69,-0.49,-1.59,-0.26,-0.07,-2.36,1.63E+00,4.38E-03,Soluble,-3.56,1.02E-01,2.74E-04,Soluble,-0.19,2.40E+02,6.46E-01,Soluble,Low,No,Yes,No,No,No,No,No,-8.08,1,1,1,1,2,0.55,0,0,1,4.84
Phyllanthus emblica,"1,6-Di-O-galloyl-beta-glucose",OCC(O[C@@H]1O[C@H](C)[C@H]([C@H]([C@@H]1O)O)O)CO,C9H18O7,238.24,16,0,1,4,7,5,51.24,119.61,0.28,-2.85,-2.82,-2.55,-1.92,-1.97,0.74,1.32E+03,5.53E+00,Highly soluble,0.89,1.87E+03,7.84E+00,Highly soluble,2.02,2.52E+04,1.06E+02,Soluble,Low,No,Yes,No,No,No,No,No,-9.78,0,1,0,0,1,0.55,0,0,1,4.55
Phyllanthus emblica,Phyllaemblic acid B,OC[C@@H]1CO[C@@]2(C[C@@H]1O)O[C@H]1[C@@H]([C@@]2(O)CO)[C@H](O)C[C@@H](C1)C(=O)O,C15H24O9,348.35,24,0,0.93,3,9,6,77.7,156.91,1.39,-2.43,-2.33,-1.78,-1.67,-1.37,-0.27,1.87E+02,5.36E-01,Very soluble,-0.32,1.65E+02,4.73E-01,Very soluble,1.45,9.75E+03,2.80E+01,Soluble,Low,No,Yes,No,No,No,No,No,-10.15,1,1,1,1,3,0.11,0,0,0,5.64
Phyllanthus emblica,Phyllaemblic acid C,OC[C@@H]1CO[C@@]2(C[C@@H]1O)O[C@H]1[C@@H]([C@@]2(O)CO)CC[C@@H](C1)C(=O)O,C15H24O8,332.35,23,0,0.93,3,8,5,76.54,136.68,1.9,-1.46,-1.3,-1,-0.79,-0.53,-0.78,5.48E+01,1.65E-01,Very soluble,-0.91,4.12E+01,1.24E-01,Very soluble,0.63,1.42E+03,4.28E+00,Soluble,Low,No,Yes,No,No,No,No,No,-9.36,0,1,0,1,0,0.56,0,0,0,5.52
Phyllanthus emblica,Phyllaemblic acid,C[C@@H]1CO[C@@]2(C[C@@H]1OC(=O)c1ccccc1)O[C@H]1[C@](C2=O)(O)[C@@H](O)C[C@@H](C1)C(=O)O,C21H24O9,420.41,30,6,0.57,4,9,3,100.41,139.59,1.89,0.71,0.52,0.25,0.66,0.81,-2.78,7.01E-01,1.67E-03,Soluble,-3.22,2.54E-01,6.03E-04,Soluble,-2.12,3.17E+00,7.53E-03,Soluble,High,No,Yes,No,No,No,No,No,-8.36,0,0,0,1,0,0.56,0,0,1,5.4
Phyllanthus emblica,5-Chloro-5-cyanobicyclo[2.2.2]octan-2-one,N#CC1(Cl)CC2CCC1CC2=O,C9H10ClNO,183.63,12,0,0.78,0,2,0,45.93,40.86,1.43,1.05,1.88,1.27,2.33,1.59,-1.64,4.21E+00,2.29E-02,Very soluble,-1.5,5.82E+00,3.17E-02,Very soluble,-2.22,1.11E+00,6.07E-03,Soluble,High,Yes,No,No,No,No,No,No,-6.67,0,0,0,0,1,0.55,0,1,1,3.69
Woodfordia fruticosa,Reynoutrin,Oc1cc(O)c2c(c1)oc(c(c2=O)O[C@H]1OC[C@@H]([C@H]([C@@H]1O)O)O)c1ccc(c(c1)O)O,C20H18O11,434.35,31,16,0.25,3,11,7,104.19,190.28,0.96,0.43,0.1,-2.06,-0.1,-0.13,-2.99,4.47E-01,1.03E-03,Soluble,-3.99,4.41E-02,1.02E-04,Soluble,-1.94,4.96E+00,1.14E-02,Soluble,Low,No,No,No,No,No,No,No,-8.64,2,0,1,1,3,0.17,1,1,1,5.05
Woodfordia fruticosa,Myricetin 3-alpha-L-arabinopyranoside,Oc1cc(O)c2c(c1)oc(c(c2=O)O[C@@H]1OC[C@H]([C@@H]([C@@H]1O)O)O)c1cc(O)c(c(c1)O)O,C20H18O12,450.35,32,16,0.25,3,12,8,106.21,210.51,0.85,0.07,-0.19,-2.55,-0.57,-0.48,-2.85,6.39E-01,1.42E-03,Soluble,-4.04,4.06E-02,9.03E-05,Moderately soluble,-1.35,2.01E+01,4.46E-02,Soluble,Low,No,No,No,No,No,No,No,-9,2,0,1,1,3,0.17,1,1,1,5.09
Woodfordia fruticosa,Norbergenin,OC[C@H]1O[C@@H]2[C@H]([C@H]([C@H]1O)O)OC(=O)c1c2c(O)c(c(c1)O)O,C13H14O9,314.24,22,6,0.46,1,9,6,68.33,156.91,-1.8,-1.29,-1.83,-1.93,-1.49,-1.67,-1.11,2.43E+01,7.74E-02,Very soluble,-1.51,9.76E+00,3.11E-02,Very soluble,0.79,1.92E+03,6.12E+00,Soluble,Low,No,No,No,No,No,No,No,-9.13,1,1,1,1,2,0.55,1,1,0,4.28
Syzygium cumini,Thiamine,OCCc1sc[n+](c1C)Cc1cnc(nc1N)C,C12H17N4OS,265.35,18,11,0.42,4,3,2,73.26,104.15,-1.6,1.02,0.62,0.05,2.54,0.53,-2.32,1.28E+00,4.83E-03,Soluble,-2.8,4.24E-01,1.60E-03,Soluble,-3.3,1.32E-01,4.99E-04,Soluble,High,No,Yes,No,No,No,No,No,-7.19,0,0,0,0,0,0.55,0,1,0,2.99
Syzygium cumini,Dihydromyricetin,Oc1cc2O[C@H](c3cc(O)c(c(c3)O)O)[C@H](C(=O)c2c(c1)O)O,C15H12O8,320.25,23,12,0.13,1,8,6,76.78,147.68,0.67,0.59,0.57,-1.16,0.18,0.17,-2.52,9.73E-01,3.04E-03,Soluble,-3.26,1.74E-01,5.44E-04,Soluble,-1.44,1.16E+01,3.61E-02,Soluble,Low,No,No,No,No,No,No,No,-7.83,1,0,1,1,1,0.55,1,1,0,3.55
Syzygium cumini,Myricetin,Oc1cc(O)c2c(c1)oc(c(c2=O)O)c1cc(O)c(c(c1)O)O,C15H10O8,318.24,23,16,0,1,8,6,80.06,151.59,1.08,1.18,1.69,-1.08,1.06,0.79,-3.01,3.14E-01,9.88E-04,Soluble,-3.96,3.50E-02,1.10E-04,Soluble,-2.66,6.98E-01,2.19E-03,Soluble,Low,No,No,Yes,No,No,No,Yes,-7.4,1,0,1,1,2,0.55,1,1,0,3.27
Syzygium cumini,Glucose,OC[C@H]1O[C@H](O)[C@H]([C@H]([C@H]1O)O)O,C6H12O6,180.16,12,0,1,1,6,5,35.74,110.38,0.2,-3.24,-3.22,-2.75,-2.3,-2.26,1.15,2.55E+03,1.41E+01,Highly soluble,1.49,5.61E+03,3.11E+01,Highly soluble,2.62,7.42E+04,4.12E+02,Soluble,Low,No,Yes,No,No,No,No,No,-9.7,0,2,0,0,2,0.55,0,0,1,4.08
Syzygium cumini,Folic acid,OC(=O)CC[C@@H](C(=O)O)NC(=O)c1ccc(cc1)NCc1cnc2c(n1)c(=O)nc([nH]2)N,C19H19N7O6,441.4,32,16,0.21,10,9,6,111.92,213.28,-0.25,-1.08,-0.38,-1.7,0.24,-0.63,-1.61,1.09E+01,2.48E-02,Very soluble,-2.91,5.44E-01,1.23E-03,Soluble,-4.6,1.12E-02,2.54E-05,Moderately soluble,Low,No,No,No,No,No,No,No,-9.76,2,0,1,1,2,0.11,0,0,2,3.43
Syzygium cumini,Riboflavin,OC[C@H]([C@H]([C@H](Cn1c2cc(C)c(cc2nc2c1nc(=O)[nH]c2=O)C)O)O)O,C17H20N4O6,376.36,27,14,0.41,5,8,5,96.99,161.56,1.63,-1.46,-1.68,-0.54,1.09,-0.19,-1.31,1.85E+01,4.93E-02,Very soluble,-1.43,1.40E+01,3.72E-02,Very soluble,-2.62,9.03E-01,2.40E-03,Soluble,Low,No,No,No,No,No,No,No,-9.63,0,1,1,1,1,0.55,0,1,1,3.84
Syzygium cumini,Gallic acid,OC(=O)c1cc(O)c(c(c1)O)O,C7H6O5,170.12,12,6,0,1,5,4,39.47,97.99,0.21,0.7,0.5,-0.16,-0.2,0.21,-1.64,3.90E+00,2.29E-02,Very soluble,-2.34,7.86E-01,4.62E-03,Soluble,-0.04,1.55E+02,9.10E-01,Soluble,High,No,No,No,No,No,No,Yes,-6.84,0,2,0,0,1,0.56,1,1,1,1.22
Syzygium cumini,Betulinic acid,CC(=C)[C@@H]1CC[C@]2([C@H]1[C@H]1CC[C@H]3[C@@]([C@]1(C)CC2)(C)CC[C@@H]1[C@]3(C)CC[C@@H](C1(C)C)O)C(=O)O,C30H48O3,456.7,33,0,0.9,2,3,2,136.91,57.53,3.81,8.21,7.09,5.82,5.75,6.14,-7.71,8.87E-06,1.94E-08,Poorly soluble,-9.28,2.40E-07,5.26E-10,Poorly soluble,-5.7,9.09E-04,1.99E-06,Moderately soluble,Low,No,No,No,No,Yes,No,No,-3.26,1,3,0,1,1,0.85,0,1,2,5.63
Syzygium cumini,3-Friedelanone,O=C1CC[C@@H]2[C@]([C@H]1C)(C)CC[C@H]1[C@@]2(C)CC[C@@]2([C@]1(C)CC[C@@]1([C@H]2CC(C)(C)CC1)C)C,C30H50O,426.72,31,0,0.97,0,1,0,134.39,17.07,4.49,9.8,8.46,6.92,7.52,7.44,-8.66,9.34E-07,2.19E-09,Poorly soluble,-10.08,3.56E-08,8.33E-11,Insoluble,-7.88,5.66E-06,1.33E-08,Poorly soluble,Low,No,No,No,No,No,No,No,-1.94,1,3,0,1,2,0.55,0,0,2,5.17
Syzygium cumini,Kaempferol,Oc1ccc(cc1)c1oc2cc(O)cc(c2c(=O)c1O)O,C15H10O6,286.24,21,16,0,1,6,4,76.01,111.13,1.7,1.9,2.28,-0.03,2.03,1.58,-3.31,1.40E-01,4.90E-04,Soluble,-3.86,3.98E-02,1.39E-04,Soluble,-3.82,4.29E-02,1.50E-04,Soluble,High,No,No,Yes,No,No,Yes,Yes,-6.7,0,0,0,0,0,0.55,0,0,0,3.14
Syzygium cumini,Quercetin,Oc1cc(O)c2c(c1)oc(c(c2=O)O)c1ccc(c(c1)O)O,C15H10O7,302.24,22,16,0,1,7,5,78.03,131.36,1.63,1.54,1.99,-0.56,1.54,1.23,-3.16,2.11E-01,6.98E-04,Soluble,-3.91,3.74E-02,1.24E-04,Soluble,-3.24,1.73E-01,5.73E-04,Soluble,High,No,No,Yes,No,No,Yes,Yes,-7.05,0,0,0,0,0,0.55,1,1,0,3.23
Syzygium cumini,Cyanidin,Oc1cc(O)c2c(c1)[o+]c(c(c2)O)c1ccc(c(c1)O)O,C15H11O6,287.24,21,16,0,1,6,5,76.17,114.29,-2.62,0.77,2.91,0.32,0.24,0.32,-2.6,7.15E-01,2.49E-03,Soluble,-2.75,5.10E-01,1.78E-03,Soluble,-2.66,6.34E-01,2.21E-03,Soluble,High,No,Yes,Yes,No,No,No,No,-7.51,0,0,0,0,0,0.55,1,2,0,3.15
Syzygium cumini,Citric acid,OC(=O)C(CC(=O)O)(CC(=O)O)O,C6H8O7,192.12,13,0,0.5,5,7,4,37.47,132.13,-1.49,-1.72,-1.25,-1.48,-1.6,-1.51,0.38,4.63E+02,2.41E+00,Highly soluble,-0.54,5.53E+01,2.88E-01,Very soluble,1.71,9.90E+03,5.15E+01,Soluble,Low,No,No,No,No,No,No,No,-8.69,0,2,0,1,1,0.56,0,0,1,2.18
Syzygium cumini,Ellagic acid,Oc1cc2c(=O)oc3c4c2c(c1O)oc(=O)c4cc(c3O)O,C14H6O8,302.19,22,16,0,0,8,4,75.31,141.34,0.79,1.1,1.31,0.14,1.67,1,-2.94,3.43E-01,1.14E-03,Soluble,-3.66,6.60E-02,2.18E-04,Soluble,-3.35,1.36E-01,4.49E-04,Soluble,High,No,No,Yes,No,No,No,No,-7.36,0,0,1,1,0,0.55,1,3,0,3.17
Syzygium cumini,Oleanolic acid,O[C@H]1CC[C@]2([C@@H](C1(C)C)CC[C@@]1([C@H]2CC=C2[C@@]1(C)CC[C@@]1([C@@H]2CC(C)(C)CC1)C(=O)O)C)C,C30H48O3,456.7,33,0,0.9,1,3,2,136.65,57.53,4.14,7.49,7.23,5.82,5.85,6.11,-7.32,2.16E-05,4.74E-08,Poorly soluble,-8.53,1.34E-06,2.94E-09,Poorly soluble,-6.12,3.45E-04,7.55E-07,Poorly soluble,Low,No,No,No,No,No,No,No,-3.77,1,3,0,1,1,0.85,0,1,2,6.08
Syzygium cumini,Malvidin,COc1cc(cc(c1O)OC)c1[o+]c2cc(O)cc(c2cc1O)O,C17H15O7,331.3,24,16,0.12,3,7,4,87.13,112.52,-1.96,2.24,3.22,0.28,0.8,0.92,-3.6,8.31E-02,2.51E-04,Soluble,-4.24,1.91E-02,5.77E-05,Moderately soluble,-3.46,1.14E-01,3.44E-04,Soluble,High,No,Yes,Yes,No,No,No,No,-6.73,0,0,0,0,0,0.55,0,1,0,3.33
Syzygium cumini,Eugenin,COc1cc(O)c2c(c1)oc(cc2=O)C,C11H10O4,206.19,15,10,0.18,1,4,1,55.97,59.67,2.34,2.58,1.82,0.24,2.41,1.88,-3.17,1.39E-01,6.74E-04,Soluble,-3.48,6.80E-02,3.30E-04,Soluble,-3.56,5.72E-02,2.77E-04,Soluble,High,Yes,No,Yes,No,No,No,No,-5.73,0,0,0,0,0,0.55,0,0,1,2.62
Syzygium cumini,Retinol,OC/C=C(/C=C/C=C(/C=C/C1=C(C)CCCC1(C)C)\C)\C,C20H30O,286.45,21,0,0.5,5,1,1,94.67,20.23,2.34,2.58,5.51,0.24,2.41,1.88,-3.17,1.39E-01,6.74E-04,Soluble,-3.48,6.80E-02,3.30E-04,Soluble,-3.56,5.72E-02,2.77E-04,Soluble,High,Yes,No,Yes,No,No,No,No,-5.73,0,0,0,0,0,0.55,0,0,1,2.62
Syzygium cumini,Fructose,OC[C@H]([C@H]([C@@H](C(=O)CO)O)O)O,C6H12O6,180.16,12,0,0.83,5,6,5,36.97,118.22,0.43,-3.24,-3.38,-2.91,-1.59,-2.14,1.41,4.68E+03,2.60E+01,Highly soluble,1.33,3.84E+03,2.13E+01,Highly soluble,2.09,2.23E+04,1.24E+02,Soluble,Low,No,No,No,No,No,No,No,-9.7,0,2,0,0,2,0.55,0,0,1,3.13
Syzygium cumini,Cuminiresinol,COc1cc(cc(c1OC)OC)[C@H]1OC[C@H]2[C@@H]1COC2,C15H20O5,280.32,20,6,0.6,4,5,0,72.86,46.15,2.89,1.44,1.72,0.78,2.5,1.87,-2.44,1.01E+00,3.60E-03,Soluble,-2.01,2.71E+00,9.67E-03,Soluble,-3.23,1.66E-01,5.93E-04,Soluble,High,Yes,No,No,No,No,Yes,No,-6.99,0,0,0,0,0,0.55,0,0,0,3.62
Ficus racemosa,Bergenin,OC[C@H]1O[C@@H]2[C@@H]([C@H]([C@H]1O)O)OC(=O)c1c2c(O)c(c(c1)O)OC,C14H16O9,328.27,23,6,0.5,2,9,5,72.8,145.91,0.78,-0.97,-1.53,-1.67,-0.97,-0.87,-1.33,1.55E+01,4.73E-02,Very soluble,-1.61,8.08E+00,2.46E-02,Very soluble,0.09,4.07E+02,1.24E+00,Soluble,Low,No,No,No,No,No,No,No,-8.99,0,1,1,1,0,0.55,0,0,0,4.39
Ficus racemosa,Racemosic acid,OC[C@H]1O[C@@H]2[C@H]([C@@H]([C@@H]1O)O)Oc1c2c(O)c(/C(=C/C(=O)O)/C)c(c1[C@H]1O[C@@H](CO)[C@H]([C@H]([C@@H]1O)O)O)O,C22H28O14,516.45,36,6,0.59,5,14,10,115.61,247.06,1.1,-2.71,-3.63,-3.91,-2.76,-2.38,-1.13,3.85E+01,7.45E-02,Very soluble,-1.93,6.11E+00,1.18E-02,Very soluble,2.63,2.19E+05,4.25E+02,Soluble,Low,No,No,No,No,No,No,No,-11.37,3,2,1,1,4,0.11,0,1,1,5.77
Terminalia arjuna,"Norartocarpetin 5,7,2',4'-tetramethyl ether",COc1ccc(c(c1)OC)c1cc(=O)c2c(o1)cc(cc2OC)OC,C19H18O6,342.34,25,16,0.21,5,6,0,93.89,67.13,3.55,3.42,3.49,0.94,4.14,3.11,-4.26,1.88E-02,5.49E-05,Moderately soluble,-4.51,1.06E-02,3.09E-05,Moderately soluble,-6.61,8.50E-05,2.48E-07,Poorly soluble,High,Yes,No,Yes,Yes,Yes,Yes,Yes,-5.96,0,0,0,0,0,0.55,0,0,0,3.53
Terminalia arjuna,Cerasidin,COc1ccc(c(c1)OC)/C=C/C(=O)c1c(O)cc(cc1OC)OC,C19H20O6,344.36,25,12,0.21,7,6,1,94.24,74.22,3.34,3.77,3.21,1.44,3.69,3.09,-4.24,1.97E-02,5.71E-05,Moderately soluble,-5.02,3.27E-03,9.51E-06,Moderately soluble,-4.85,4.83E-03,1.40E-05,Moderately soluble,High,Yes,No,No,Yes,Yes,No,Yes,-5.72,0,0,0,0,0,0.55,0,1,1,3.19
Terminalia arjuna,Arjunone,COc1ccc(c(c1)OC)[C@H]1CC(=O)c2c(O1)cc(cc2OC)OC,C19H20O6,344.36,25,12,0.32,5,6,0,91.47,63.22,3.35,2.92,3.1,1.13,3.67,2.84,-3.84,4.98E-02,1.45E-04,Soluble,-3.91,4.25E-02,1.23E-04,Soluble,-5.62,8.30E-04,2.41E-06,Moderately soluble,High,Yes,No,Yes,Yes,Yes,Yes,Yes,-6.33,0,0,0,0,0,0.55,0,0,0,3.51
Terminalia arjuna,Arjunolic acid,OC[C@]1(C)[C@@H](O)[C@H](O)C[C@]2([C@H]1CC[C@@]1([C@@H]2CC=C2[C@@]1(C)CC[C@@]1([C@H]2CC(CC1)(C)C)C(=O)O)C)C,C30H48O5,488.7,35,0,0.9,2,5,4,138.98,97.99,3.11,5.84,5.18,4.14,4.35,4.52,-6.42,1.87E-04,3.83E-07,Poorly soluble,-7.67,1.05E-05,2.14E-08,Poorly soluble,-4.72,9.21E-03,1.88E-05,Moderately soluble,High,No,Yes,No,No,No,No,No,-5.13,0,3,0,0,1,0.56,0,1,2,6.45
Portulaca oleracea,Noradrenaline,NC[C@@H](c1ccc(c(c1)O)O)O,C8H11NO3,169.18,12,6,0.25,2,4,4,44.13,86.71,0.87,-1.24,-0.23,-0.25,0.02,-0.17,-0.35,7.63E+01,4.51E-01,Very soluble,-0.09,1.39E+02,8.22E-01,Very soluble,-0.76,2.94E+01,1.74E-01,Soluble,High,No,No,No,No,No,No,No,-8.21,0,0,0,0,1,0.55,1,1,1,1.69
Portulaca oleracea,2-Butyl-1-octanol,CCCCCCC(CCCC)CO,C12H26O,186.33,13,0,1,9,1,1,60.96,20.23,3.37,4.84,3.76,3.41,3.72,3.82,-3.45,6.60E-02,3.54E-04,Soluble,-5,1.87E-03,1.00E-05,Moderately soluble,-3.77,3.15E-02,1.69E-04,Soluble,High,Yes,No,No,No,No,No,No,-4,0,0,0,0,2,0.55,0,0,3,2.3
Rubia cordifolia,Alizarin,O=C1c2ccccc2C(=O)c2c1ccc(c2O)O,C14H8O4,240.21,18,12,0,0,4,2,63.8,74.6,1.85,3.16,1.87,0.67,2.55,2.02,-3.81,3.69E-02,1.54E-04,Soluble,-4.4,9.63E-03,4.01E-05,Moderately soluble,-4.1,1.91E-02,7.94E-05,Moderately soluble,High,Yes,No,Yes,No,No,No,Yes,-5.52,0,0,0,0,0,0.55,2,1,1,2.35
Rubia cordifolia,1-Hydroxy-2-methoxyanthraquinone,COc1ccc2c(c1O)C(=O)c1c(C2=O)cccc1,C15H10O4,254.24,19,12,0.07,1,4,1,68.26,63.6,2.12,3.03,2.18,0.92,3.06,2.26,-3.73,4.77E-02,1.88E-04,Soluble,-4.03,2.37E-02,9.31E-05,Moderately soluble,-4.8,4.03E-03,1.58E-05,Moderately soluble,High,Yes,No,Yes,No,No,No,Yes,-5.7,0,0,0,0,0,0.55,1,0,0,2.47
Rubia cordifolia,Digiferrugineol,OCc1ccc2c(c1O)C(=O)c1c(C2=O)cccc1,C15H10O4,254.24,19,12,0.07,1,4,2,67.9,74.6,1.91,2.63,1.51,0.66,2.91,1.92,-3.47,8.53E-02,3.35E-04,Soluble,-3.85,3.62E-02,1.42E-04,Soluble,-4.5,8.00E-03,3.15E-05,Moderately soluble,High,No,No,Yes,No,No,No,Yes,-5.98,0,0,0,0,0,0.55,1,0,0,2.53
Rubia cordifolia,Pseudopurpurin,O=C1c2ccccc2C(=O)c2c1c(O)c(c(c2O)O)C(=O)O,C15H8O7,300.22,22,12,0,1,7,4,72.78,132.13,-0.07,2.98,1.28,-0.24,1.48,1.09,-3.92,3.64E-02,1.21E-04,Soluble,-5.42,1.15E-03,3.82E-06,Moderately soluble,-2.88,3.94E-01,1.31E-03,Soluble,High,No,No,No,No,No,No,No,-6.02,0,0,0,1,0,0.56,2,2,0,2.69
Rubia cordifolia,Purpurin,Oc1c(O)cc(c2c1C(=O)c1ccccc1C2=O)O,C14H8O5,256.21,19,12,0,0,5,3,65.82,94.83,1.82,3.83,1.58,0.11,2.05,1.88,-4.31,1.26E-02,4.91E-05,Moderately soluble,-5.52,7.79E-04,3.04E-06,Moderately soluble,-3.52,7.70E-02,3.01E-04,Soluble,High,No,No,Yes,No,No,No,Yes,-5.14,0,0,0,0,0,0.55,2,2,1,2.44
Rubia cordifolia,2-Methylanthraquinone,Cc1ccc2c(c1)C(=O)c1c(C2=O)cccc1,C15H10O2,222.24,17,12,0.07,0,2,0,64.72,34.14,2.2,3.94,2.77,2.12,4.04,3.01,-4.22,1.33E-02,5.99E-05,Moderately soluble,-4.36,9.78E-03,4.40E-05,Moderately soluble,-5.64,5.13E-04,2.31E-06,Moderately soluble,High,Yes,No,Yes,Yes,No,No,No,-4.86,0,0,0,0,0,0.55,1,0,2,2.22
Rubia cordifolia,beta-Sitosterol,CC[C@@H](C(C)C)CC[C@H]([C@H]1CC[C@@H]2[C@]1(C)CC[C@H]1[C@H]2CC=C2[C@]1(C)CC[C@@H](C2)O)C,C29H50O,414.71,30,0,0.93,6,1,1,133.23,20.23,5.05,9.34,8.02,6.73,7.04,7.24,-7.9,5.23E-06,1.26E-08,Poorly soluble,-9.67,8.90E-08,2.15E-10,Poorly soluble,-6.19,2.69E-04,6.49E-07,Poorly soluble,Low,No,No,No,No,No,No,No,-2.2,1,3,0,1,2,0.55,0,1,2,6.3
Rubia cordifolia,Oleanolic acid,O[C@H]1CC[C@]2([C@@H](C1(C)C)CC[C@@]1([C@H]2CC=C2[C@@]1(C)CC[C@@]1([C@@H]2CC(C)(C)CC1)C(=O)O)C)C,C30H48O3,456.7,33,0,0.9,1,3,2,136.65,57.53,4.14,7.49,7.23,5.82,5.85,6.11,-7.32,2.16E-05,4.74E-08,Poorly soluble,-8.53,1.34E-06,2.94E-09,Poorly soluble,-6.12,3.45E-04,7.55E-07,Poorly soluble,Low,No,No,No,No,No,No,No,-3.77,1,3,0,1,1,0.85,0,1,2,6.08
Rubia cordifolia,"3,3'-bis(3,4-dihydro-4-hydroxy-6-methoxy-2H-1-benzopyran)",COc1ccc2c(c1)[C@H](O)[C@@H](CO2)[C@H]1COc2c([C@H]1O)cc(cc2)OC,C20H22O6,358.39,26,12,0.4,3,6,2,94.38,77.38,3.18,1.86,1.84,1.17,2.41,2.09,-3.38,1.50E-01,4.19E-04,Soluble,-3.11,2.81E-01,7.83E-04,Soluble,-4.19,2.29E-02,6.40E-05,Moderately soluble,High,No,Yes,No,No,No,Yes,No,-7.17,0,0,0,0,0,0.55,0,0,1,4.15
Rubia cordifolia,Furomollugin,COC(=O)c1c(O)c2ccccc2c2c1cco2,C14H10O4,242.23,18,13,0.07,2,4,1,67.02,59.67,2.01,3.62,3.08,1.71,2.81,2.64,-4.02,2.29E-02,9.44E-05,Moderately soluble,-4.56,6.66E-03,2.75E-05,Moderately soluble,-4.47,8.21E-03,3.39E-05,Moderately soluble,High,Yes,No,Yes,No,No,No,No,-5.21,0,0,0,0,0,0.55,0,0,2,2.55
Rubia cordifolia,Mollugin,COC(=O)c1c2C=CC(Oc2c2c(c1O)cccc2)(C)C,C17H16O4,284.31,21,10,0.24,2,4,1,81.37,55.76,2.87,4.14,3.41,2.54,3.31,3.25,-4.43,1.05E-02,3.70E-05,Moderately soluble,-5.02,2.73E-03,9.59E-06,Moderately soluble,-4.44,1.04E-02,3.66E-05,Moderately soluble,High,Yes,No,Yes,Yes,Yes,No,No,-5.09,0,0,0,0,0,0.55,0,0,1,3.41
Rubia cordifolia,"2-Methyl-1,3,6-trihydroxyanthraquinone",Oc1ccc2c(c1)C(=O)c1c(C2=O)c(O)c(c(c1)O)C,C15H10O5,270.24,20,12,0.07,0,5,3,70.78,94.83,1.6,2.72,1.89,0.36,2.55,1.82,-3.67,5.74E-02,2.12E-04,Soluble,-4.37,1.17E-02,4.31E-05,Moderately soluble,-3.91,3.36E-02,1.24E-04,Soluble,High,No,No,Yes,No,No,No,Yes,-6.02,0,0,0,0,0,0.55,1,0,0,2.55
Rubia cordifolia,Nordamnacanthal,O=Cc1c(O)cc2c(c1O)C(=O)c1c(C2=O)cccc1,C15H8O5,268.22,20,12,0,1,5,2,69.18,91.67,1.08,2.72,1.69,0.02,2.73,1.65,-3.59,6.82E-02,2.54E-04,Soluble,-4.3,1.35E-02,5.03E-05,Moderately soluble,-4.04,2.43E-02,9.06E-05,Moderately soluble,High,No,No,No,No,No,No,Yes,-6,0,0,0,0,0,0.55,1,1,0,2.52
Rubia cordifolia,Munjistin,O=C1c2ccccc2C(=O)c2c1c(O)c(c(c2)O)C(=O)O,C15H8O6,284.22,21,12,0,1,6,3,70.75,111.9,0.98,2.79,1.57,0.29,1.96,1.52,-3.72,5.46E-02,1.92E-04,Soluble,-4.8,4.54E-03,1.60E-05,Moderately soluble,-3.46,9.79E-02,3.44E-04,Soluble,High,No,No,No,No,No,No,No,-6.05,0,0,0,0,0,0.56,1,0,0,2.6
Rubia cordifolia,3-Acetyl oleanolic acid,CC(=O)O[C@H]1CC[C@]2([C@H](C1(C)C)CC[C@@]1([C@@H]2CC=C2[C@@]1(C)CC[C@@]1([C@H]2CC(C)(C)CC1)C(=O)O)C)C,C32H50O4,498.74,36,0,0.88,3,4,1,146.39,63.6,3.71,8.06,7.8,6.06,6.36,6.4,-7.81,7.69E-06,1.54E-08,Poorly soluble,-9.25,2.80E-07,5.61E-10,Poorly soluble,-6.73,9.33E-05,1.87E-07,Poorly soluble,Low,No,No,No,No,Yes,No,No,-3.62,1,4,0,1,1,0.85,0,1,2,6.14
Rubia cordifolia,Soranjidiol,Oc1ccc2c(c1)C(=O)c1c(C2=O)c(O)c(cc1)C,C15H10O4,254.24,19,12,0.07,0,4,2,68.76,74.6,1.88,3.07,2.18,0.92,3.04,2.22,-3.82,3.87E-02,1.52E-04,Soluble,-4.3,1.26E-02,4.97E-05,Moderately soluble,-4.49,8.32E-03,3.27E-05,Moderately soluble,High,Yes,No,Yes,No,No,No,Yes,-5.67,0,0,0,0,0,0.55,1,0,0,2.48
Tectona grandis,Chrysophanol,Cc1cc(O)c2c(c1)C(=O)c1c(C2=O)c(O)ccc1,C15H10O4,254.24,19,12,0.07,0,4,2,68.76,74.6,2.22,3.53,2.18,0.92,3.04,2.38,-4.11,1.98E-02,7.81E-05,Moderately soluble,-4.78,4.21E-03,1.66E-05,Moderately soluble,-4.49,8.32E-03,3.27E-05,Moderately soluble,High,Yes,No,Yes,No,No,No,Yes,-5.34,0,0,0,0,0,0.55,1,0,1,2.47
Tectona grandis,Aloe emodin,OCc1cc(O)c2c(c1)C(=O)c1c(C2=O)c(O)ccc1,C15H10O5,270.24,20,12,0.07,1,5,3,69.92,94.83,1.96,1.82,1.21,0.1,2.42,1.5,-3.04,2.46E-01,9.12E-04,Soluble,-3.43,1.00E-01,3.70E-04,Soluble,-3.92,3.22E-02,1.19E-04,Soluble,High,No,No,Yes,No,No,No,Yes,-6.66,0,0,0,0,0,0.55,1,0,0,2.6
Tectona grandis,Deoxylapachol,CC(=CCC1=CC(=O)c2c(C1=O)cccc2)C,C15H14O2,226.27,17,6,0.2,2,2,0,67.8,34.14,2.5,3.76,3.35,2.2,3.82,3.13,-3.74,4.11E-02,1.82E-04,Soluble,-4.17,1.53E-02,6.76E-05,Moderately soluble,-4.31,1.11E-02,4.89E-05,Moderately soluble,High,Yes,No,Yes,Yes,Yes,No,No,-5.01,0,0,0,0,0,0.55,1,1,2,2.8
Tectona grandis,"1,4-Dihydroxy-2-methylanthraquinone",Oc1c(C)cc(c2c1C(=O)c1ccccc1C2=O)O,C15H10O4,254.24,19,12,0.07,0,4,2,68.76,74.6,2.24,3.62,2.18,0.92,3.04,2.4,-4.16,1.74E-02,6.85E-05,Moderately soluble,-4.87,3.40E-03,1.34E-05,Moderately soluble,-4.49,8.32E-03,3.27E-05,Moderately soluble,High,Yes,No,Yes,No,No,No,Yes,-5.28,0,0,0,0,0,0.55,1,1,1,2.47
Tectona grandis,Lapachol,CC(=CCC1=C(O)C(=O)c2c(C1=O)cccc2)C,C15H14O3,242.27,18,6,0.2,2,3,1,69.38,54.37,2.37,2.84,3.23,1.32,3.32,2.62,-3.25,1.38E-01,5.68E-04,Soluble,-3.64,5.55E-02,2.29E-04,Soluble,-3.96,2.69E-02,1.11E-04,Soluble,High,Yes,No,Yes,Yes,No,No,No,-5.76,0,0,0,0,0,0.85,1,1,1,2.92
Tectona grandis,beta-Lapachone,O=C1C2=C(OC(CC2)(C)C)c2c(C1=O)cccc2,C15H14O3,242.27,18,6,0.33,0,3,0,67.86,43.37,2.23,2.2,2.75,1.4,3.53,2.42,-2.97,2.57E-01,1.06E-03,Soluble,-2.74,4.36E-01,1.80E-03,Soluble,-4.59,6.17E-03,2.55E-05,Moderately soluble,High,Yes,No,Yes,Yes,No,No,No,-6.22,0,0,0,0,0,0.85,2,1,1,3.24
Tectona grandis,Obtusifolin 2-glucoside,OC[C@H]1O[C@@H](Oc2c(C)cc3c(c2OC)C(=O)c2c(C3=O)cccc2O)[C@H]([C@@H]([C@@H]1O)O)O,C22H22O10,446.4,32,12,0.36,4,10,5,107.38,162.98,1.87,1.24,-0.34,-1.55,0.99,0.44,-3.4,1.77E-01,3.96E-04,Soluble,-4.26,2.45E-02,5.49E-05,Moderately soluble,-2.88,5.83E-01,1.31E-03,Soluble,Low,No,Yes,No,No,No,No,No,-8.14,0,0,1,1,1,0.55,1,0,1,5.06
Tectona grandis,Rubiadin,O=C1c2ccccc2C(=O)c2c1c(O)c(c(c2)O)C,C15H10O4,254.24,19,12,0.07,0,4,2,68.76,74.6,1.94,3.07,2.18,0.92,3.04,2.23,-3.82,3.87E-02,1.52E-04,Soluble,-4.3,1.26E-02,4.97E-05,Moderately soluble,-4.49,8.32E-03,3.27E-05,Moderately soluble,High,Yes,No,Yes,No,No,No,Yes,-5.67,0,0,0,0,0,0.55,1,0,0,2.52
Tectona grandis,2-Methylanthraquinone,Cc1ccc2c(c1)C(=O)c1c(C2=O)cccc1,C15H10O2,222.24,17,12,0.07,0,2,0,64.72,34.14,2.2,3.94,2.77,2.12,4.04,3.01,-4.22,1.33E-02,5.99E-05,Moderately soluble,-4.36,9.78E-03,4.40E-05,Moderately soluble,-5.64,5.13E-04,2.31E-06,Moderately soluble,High,Yes,No,Yes,Yes,No,No,No,-4.86,0,0,0,0,0,0.55,1,0,2,2.22
Tectona grandis,All-trans-squalene,C/C(=C\CC/C=C(/CC/C=C(/CCC=C(C)C)\C)\C)/CC/C=C(/CCC=C(C)C)\C,C30H50,410.72,30,0,0.6,15,0,0,143.48,0,2.2,3.94,10.6,2.12,4.04,3.01,-4.22,1.33E-02,5.99E-05,Moderately soluble,-4.36,9.78E-03,4.40E-05,Moderately soluble,-5.64,5.13E-04,2.31E-06,Moderately soluble,High,Yes,No,Yes,Yes,No,No,No,-4.86,0,0,0,0,0,0.55,1,0,2,2.22
Tectona grandis,Tectograndinol,OC/C=C(/CC[C@@H]1C(=C)CC[C@H]2[C@@]1(C)CC[C@H](C2(C)C)O)\CO,C20H34O3,322.48,23,0,0.8,5,3,3,96.04,60.69,3.38,3.29,3.45,2.94,3.92,3.4,-3.58,8.44E-02,2.62E-04,Soluble,-4.24,1.86E-02,5.76E-05,Moderately soluble,-3.45,1.14E-01,3.53E-04,Soluble,High,Yes,No,No,No,No,No,No,-5.93,0,0,0,0,0,0.55,0,1,0,4.63
Tectona grandis,Tectoionol A,O[C@@H]1CC(C)(C)[C@]2([C@](C1)(C)O)CC[C@H](O2)C,C13H24O3,228.33,16,0,1,0,3,2,63.6,49.69,2.62,1.51,1.86,1.49,2.01,1.9,-2.21,1.42E+00,6.21E-03,Soluble,-2.16,1.57E+00,6.89E-03,Soluble,-2.03,2.14E+00,9.35E-03,Soluble,High,Yes,No,No,No,No,No,No,-6.62,0,0,0,0,0,0.55,0,0,1,4.64
Tectona grandis,Tectoionol B,C[C@@H](CCC1=C(C)CC[C@H](C1(C)C)O)O,C13H24O2,212.33,15,0,0.85,3,2,2,64.08,40.46,2.73,1.83,2.64,2.22,2.78,2.44,-2.11,1.64E+00,7.74E-03,Soluble,-2.3,1.06E+00,5.01E-03,Soluble,-2.54,6.14E-01,2.89E-03,Soluble,High,Yes,No,No,No,No,No,No,-6.3,0,0,0,0,0,0.55,0,1,1,3.9
Tectona grandis,Dehydro-alpha-lapachone,O=C1C2=C(C=CC(O2)(C)C)C(=O)c2c1cccc2,C15H12O3,240.25,18,6,0.2,0,3,0,66.81,43.37,2.32,2.59,2.68,1.32,3.12,2.41,-3.21,1.49E-01,6.20E-04,Soluble,-3.15,1.70E-01,7.09E-04,Soluble,-4.13,1.80E-02,7.48E-05,Moderately soluble,High,Yes,No,Yes,Yes,No,No,Yes,-5.93,0,0,0,0,0,0.85,1,0,1,3.56
Tectona grandis,5-Hydroxylapachol,CC(=CCC1=C(O)C(=O)c2c(C1=O)c(O)ccc2)C,C15H14O4,258.27,19,6,0.2,2,4,2,71.4,74.6,2.41,3.04,2.94,0.73,2.84,2.39,-3.46,8.99E-02,3.48E-04,Soluble,-4.27,1.38E-02,5.34E-05,Moderately soluble,-3.38,1.08E-01,4.20E-04,Soluble,High,Yes,No,Yes,Yes,Yes,No,Yes,-5.72,0,0,0,0,0,0.85,1,1,0,3
Sphaeranthus indicus,4-Methoxycinnamaldehyde,COc1ccc(cc1)/C=C/C=O,C10H10O2,162.19,12,6,0.1,3,2,0,48.03,26.3,1.96,1.83,1.8,1.66,2.48,1.95,-2.17,1.10E+00,6.75E-03,Soluble,-2,1.61E+00,9.94E-03,Soluble,-2.55,4.54E-01,2.80E-03,Soluble,High,Yes,No,Yes,No,No,No,No,-5.99,0,0,0,0,1,0.55,0,2,1,1.61
Sphaeranthus indicus,Sphaeranthanolide,OC[C@H]1O[C@@H](O[C@H]2CC[C@]3(C(=C2C)[C@@H]2OC(=O)[C@H]([C@@]2(CC3)O)C)C)[C@H]([C@H]([C@@H]1O)O)O,C21H32O9,428.47,30,0,0.86,3,9,5,103.17,145.91,2.05,-1.12,-0.63,-0.48,-0.14,-0.06,-1.59,1.09E+01,2.55E-02,Very soluble,-1.45,1.51E+01,3.52E-02,Very soluble,-0.4,1.72E+02,4.01E-01,Soluble,Low,No,Yes,No,No,No,No,No,-9.71,0,1,1,1,0,0.55,0,1,1,6.07
Sphaeranthus indicus,7alpha-Hydroxyfrullanolide,CC1=C2[C@@H]3OC(=O)C(=C)[C@]3(O)CC[C@]2(CCC1)C,C15H20O3,248.32,18,0,0.67,0,3,1,69.15,46.53,2.37,1.82,2.5,2.47,3.13,2.46,-2.53,7.39E-01,2.98E-03,Soluble,-2.42,9.51E-01,3.83E-03,Soluble,-3.15,1.78E-01,7.16E-04,Soluble,High,Yes,No,No,No,No,No,No,-6.52,0,0,0,0,0,0.55,0,2,1,4.27
Picrorhiza kurrooa,Mannitol,OC[C@H]([C@H]([C@@H]([C@@H](CO)O)O)O)O,C6H14O6,182.17,12,0,1,5,6,6,37.93,121.38,0.23,-3.1,-3.59,-2.77,-1.91,-2.23,1.31,3.75E+03,2.06E+01,Highly soluble,1.12,2.38E+03,1.31E+01,Highly soluble,2.57,6.71E+04,3.68E+02,Soluble,Low,No,No,No,No,No,No,No,-9.61,1,2,0,0,3,0.55,0,0,1,3.3
Picrorhiza kurrooa,Protocatechuic acid,OC(=O)c1ccc(c(c1)O)O,C7H6O4,154.12,11,6,0,1,4,3,37.45,77.76,0.66,1.15,0.8,0.4,0.26,0.65,-1.86,2.14E+00,1.39E-02,Very soluble,-2.38,6.46E-01,4.19E-03,Soluble,-0.6,3.83E+01,2.48E-01,Soluble,High,No,No,No,No,No,No,Yes,-6.42,0,3,0,0,1,0.56,1,1,1,1.07
Picrorhiza kurrooa,Vanillic acid,COc1cc(ccc1O)C(=O)O,C8H8O4,168.15,12,6,0.12,2,4,2,41.92,66.76,1.4,1.43,1.1,0.74,0.73,1.08,-2.02,1.60E+00,9.52E-03,Soluble,-2.44,6.15E-01,3.66E-03,Soluble,-1.32,8.10E+00,4.82E-02,Soluble,High,No,No,No,No,No,No,No,-6.31,0,0,0,0,1,0.85,0,0,1,1.42
Picrorhiza kurrooa,Ferulic acid,COc1cc(/C=C/C(=O)O)ccc1O,C10H10O4,194.18,14,6,0.1,3,4,2,51.63,66.76,1.62,1.51,1.39,1,1.26,1.36,-2.11,1.49E+00,7.68E-03,Soluble,-2.52,5.86E-01,3.02E-03,Soluble,-1.42,7.43E+00,3.83E-02,Soluble,High,Yes,No,No,No,No,No,No,-6.41,0,0,0,0,1,0.85,0,1,1,1.93
Picrorhiza kurrooa,Globularicisin,OC[C@H]1O[C@@H](O[C@@H]2OC=C[C@H]3[C@H]2[C@@]2(COC(=O)/C=C\c4ccccc4)O[C@H]2[C@H]3O)[C@H]([C@@H]([C@H]1O)O)O,C24H28O11,492.47,35,6,0.54,8,11,5,115.99,167.67,2.54,-0.56,-1.43,-1.31,-0.79,-0.31,-2.14,3.57E+00,7.25E-03,Soluble,-2.49,1.59E+00,3.23E-03,Soluble,0.28,9.43E+02,1.91E+00,Soluble,Low,No,Yes,No,No,No,No,No,-9.7,1,2,1,1,2,0.55,0,2,2,6.12
Picrorhiza kurrooa,Picroside III,OC[C@@]12O[C@H]2[C@H]([C@H]2[C@@H]1[C@@H](OC=C2)O[C@H]1O[C@@H](COC(=O)/C=C/c2ccc(c(c2)OC)O)[C@@H]([C@@H]([C@@H]1O)O)O)O,C25H30O13,538.5,38,6,0.56,9,13,6,124.5,197.13,2.67,-1.49,-1.72,-2.07,-1.17,-0.76,-1.76,9.30E+00,1.73E-02,Very soluble,-2.14,3.86E+00,7.17E-03,Soluble,0.78,3.27E+03,6.07E+00,Soluble,Low,No,No,No,No,No,No,No,-10.64,3,2,1,1,3,0.17,0,2,2,6.25
Picrorhiza kurrooa,Veronicoside,OC[C@@H]1O[C@@H](O[C@@H]2OC=C[C@H]3[C@H]2[C@@]2(CO)O[C@H]2[C@H]3OC(=O)c2ccccc2)[C@H]([C@@H]([C@H]1O)O)O,C22H26O11,466.44,33,6,0.59,7,11,5,106.28,167.67,2.46,-0.98,-1.73,-1.39,-1.41,-0.61,-1.79,7.62E+00,1.63E-02,Very soluble,-2.06,4.11E+00,8.80E-03,Soluble,0.34,1.03E+03,2.21E+00,Soluble,Low,No,Yes,No,No,No,No,No,-9.84,1,1,1,1,2,0.55,0,1,1,5.85
Picrorhiza kurrooa,Picroside I,OC[C@@]12O[C@H]2[C@H]([C@@H]2[C@@H]1[C@@H](OC=C2)O[C@@H]1O[C@H](COC(=O)/C=C/c2ccccc2)[C@H]([C@@H]([C@H]1O)O)O)O,C24H28O11,492.47,35,6,0.54,8,11,5,115.99,167.67,1.82,-1.11,-1.43,-1.31,-0.79,-0.56,-1.79,7.93E+00,1.61E-02,Very soluble,-1.92,5.92E+00,1.20E-02,Very soluble,0.28,9.43E+02,1.91E+00,Soluble,Low,No,No,No,No,No,No,No,-10.09,1,2,1,1,2,0.55,0,2,2,6.12
Urtica dioica,Secoisolariciresinol,OC[C@@H]([C@@H](Cc1ccc(c(c1)OC)O)CO)Cc1ccc(c(c1)OC)O,C20H26O6,362.42,26,12,0.4,9,6,4,99.28,99.38,2.77,2.52,2.12,1.56,3.34,2.46,-3.42,1.37E-01,3.78E-04,Soluble,-4.25,2.02E-02,5.58E-05,Moderately soluble,-4.54,1.05E-02,2.90E-05,Moderately soluble,High,No,Yes,No,No,No,Yes,No,-6.72,0,0,0,0,0,0.55,0,0,2,3.21
Urtica dioica,Caffeic acid,OC(=O)/C=C/c1ccc(c(c1)O)O,C9H8O4,180.16,13,6,0,2,4,3,47.16,77.76,0.97,1.15,1.09,0.7,0.75,0.93,-1.89,2.32E+00,1.29E-02,Very soluble,-2.38,7.55E-01,4.19E-03,Soluble,-0.71,3.51E+01,1.95E-01,Soluble,High,No,No,No,No,No,No,No,-6.58,0,0,0,0,1,0.56,1,2,1,1.81
Urtica dioica,Formic acid,OC=O,CH2O2,46.03,3,0,0,0,2,1,9.08,37.3,0.27,-0.2,-0.3,-1.13,-0.23,-0.32,0,4.61E+01,1.00E+00,Highly soluble,-0.13,3.44E+01,7.47E-01,Very soluble,0.97,4.33E+02,9.40E+00,Soluble,High,No,No,No,No,No,No,No,-6.72,0,3,0,0,2,0.85,0,1,1,1
Urtica dioica,Fumaric acid,OC(=O)/C=C/C(=O)O,C4H4O4,116.07,8,0,0,2,4,2,24.41,74.6,0.32,-0.34,-0.29,-0.64,-0.81,-0.35,-0.21,7.10E+01,6.12E-01,Very soluble,-0.76,1.99E+01,1.72E-01,Very soluble,1.34,2.52E+03,2.17E+01,Soluble,High,No,No,No,No,No,No,No,-7.25,0,3,0,0,2,0.85,0,1,1,1.8
Urtica dioica,Oxalic acid,OC(=O)C(=O)O,C2H2O4,90.03,6,0,0,1,4,2,15.27,74.6,-0.35,-0.25,-0.84,-1.51,-0.97,-0.79,-0.17,6.02E+01,6.69E-01,Very soluble,-0.86,1.25E+01,1.39E-01,Very soluble,1.47,2.66E+03,2.95E+01,Soluble,High,No,No,No,No,No,No,No,-7.03,0,4,0,0,2,0.85,0,1,1,1
Urtica dioica,Succinic acid,OC(=O)CCC(=O)O,C4H6O4,118.09,8,0,0.5,3,4,2,24.89,74.6,0.32,-0.59,-0.06,-0.54,-0.63,-0.3,0,1.17E+02,9.94E-01,Very soluble,-0.51,3.69E+01,3.12E-01,Very soluble,0.61,4.86E+02,4.11E+00,Soluble,High,No,No,No,No,No,No,No,-7.44,0,3,0,0,2,0.85,0,0,1,1.29
Urtica dioica,Histamine,NCCc1cnc[nH]1,C5H9N3,111.15,8,5,0.4,2,2,2,31.07,54.7,0.67,-0.58,-0.09,-0.94,0.86,-0.02,-0.49,3.56E+01,3.20E-01,Very soluble,-0.1,8.87E+01,7.98E-01,Very soluble,-1.62,2.64E+00,2.38E-02,Soluble,High,No,No,No,No,No,No,No,-7.39,0,3,0,0,1,0.55,0,0,1,1.62
Urtica dioica,5-Hydroxytryptamine,NCCc1c[nH]c2c1cc(O)cc2,C10H12N2O,176.22,13,9,0.2,2,2,3,52.8,62.04,1.18,1.49,1.37,0.65,1.95,1.33,-2.25,9.87E-01,5.60E-03,Soluble,-2.4,7.01E-01,3.98E-03,Soluble,-3.16,1.23E-01,6.98E-04,Soluble,High,Yes,No,No,No,No,No,No,-6.32,0,0,0,0,1,0.55,0,0,1,1.42
Urtica dioica,Scopoletin,COc1cc2ccc(=O)oc2cc1O,C10H8O4,192.17,14,10,0.1,1,4,1,51,59.67,1.86,1.53,1.51,0.76,1.94,1.52,-2.46,6.70E-01,3.48E-03,Soluble,-2.39,7.79E-01,4.06E-03,Soluble,-3.17,1.31E-01,6.81E-04,Soluble,High,Yes,No,Yes,No,No,No,No,-6.39,0,0,0,0,1,0.55,0,1,1,2.62
Urtica dioica,Cubebin,O[C@H]1OC[C@@H]([C@H]1Cc1ccc2c(c1)OCO2)Cc1ccc2c(c1)OCO2,C20H20O6,356.37,26,12,0.4,4,6,1,92.19,66.38,3.18,3.38,2.51,2.38,3.46,2.98,-4.26,1.97E-02,5.54E-05,Moderately soluble,-4.45,1.26E-02,3.53E-05,Moderately soluble,-4.77,6.07E-03,1.70E-05,Moderately soluble,High,Yes,No,Yes,Yes,Yes,Yes,Yes,-6.07,0,0,0,0,0,0.55,0,0,1,3.9
Urtica dioica,Vanillin,COc1cc(C=O)ccc1O,C8H8O3,152.15,11,6,0.12,2,3,1,40.34,46.53,1.57,1.21,1.21,0.51,1.49,1.2,-1.82,2.32E+00,1.52E-02,Very soluble,-1.78,2.50E+00,1.64E-02,Very soluble,-1.88,2.00E+00,1.32E-02,Soluble,High,Yes,No,No,No,No,No,No,-6.37,0,2,0,0,1,0.55,0,1,1,1.15
Urtica dioica,methyl phenyl ketone,CC(=O)c1ccccc1,C8H8O,120.15,9,6,0.12,1,1,0,36.64,17.07,1.64,1.58,1.89,1.78,2.19,1.82,-2.01,1.18E+00,9.83E-03,Soluble,-1.55,3.39E+00,2.82E-02,Very soluble,-2.68,2.49E-01,2.07E-03,Soluble,High,Yes,No,Yes,No,No,No,No,-5.91,0,3,0,0,2,0.55,0,0,1,1
Urtica dioica,3-O-Caffeoylquinic acid,O=C(O[C@@H]1C[C@@](O)(C[C@H]([C@H]1O)O)C(=O)O)/C=C/c1ccc(c(c1)O)O,C16H18O9,354.31,25,6,0.38,5,9,6,83.5,164.75,0.87,-0.42,-0.75,-1.05,-0.61,-0.39,-1.62,8.50E+00,2.40E-02,Very soluble,-2.58,9.42E-01,2.66E-03,Soluble,0.4,8.94E+02,2.52E+00,Soluble,Low,No,No,No,No,No,No,No,-8.76,1,1,1,1,2,0.11,1,2,1,4.16
Urtica dioica,Ferulic acid,COc1cc(/C=C/C(=O)O)ccc1O,C10H10O4,194.18,14,6,0.1,3,4,2,51.63,66.76,1.62,1.51,1.39,1,1.26,1.36,-2.11,1.49E+00,7.68E-03,Soluble,-2.52,5.86E-01,3.02E-03,Soluble,-1.42,7.43E+00,3.83E-02,Soluble,High,Yes,No,No,No,No,No,No,-6.41,0,0,0,0,1,0.85,0,1,1,1.93
Urtica dioica,Sinapic acid,COc1cc(/C=C/C(=O)O)cc(c1O)OC,C11H12O5,224.21,16,6,0.18,4,5,2,58.12,75.99,1.63,1.46,1.4,0.73,1.33,1.31,-2.16,1.54E+00,6.86E-03,Soluble,-2.66,4.88E-01,2.18E-03,Soluble,-1.55,6.33E+00,2.82E-02,Soluble,High,No,No,No,No,No,No,No,-6.63,0,0,0,0,0,0.56,0,1,1,2.17
Urtica dioica,"Lutein 5,6-epoxide",C/C(=C\C=C\C=C(\C=C\C=C(\C=C\[C@]12O[C@]2(C)C[C@H](CC1(C)C)O)/C)/C)/C=C/C=C(/C=C/[C@H]1C(=C[C@@H](CC1(C)C)O)C)\C,C40H56O3,584.87,43,0,0.5,10,3,2,186.28,52.99,1.63,1.46,9.61,0.73,1.33,1.31,-2.16,1.54E+00,6.86E-03,Soluble,-2.66,4.88E-01,2.18E-03,Soluble,-1.55,6.33E+00,2.82E-02,Soluble,High,No,No,No,No,No,No,No,-6.63,0,0,0,0,0,0.56,0,1,1,2.17
Urtica dioica,Violaxnathin,C/C(=C\C=C\C=C(\C=C\C=C(\C=C\[C@]12O[C@]2(C)C[C@H](CC1(C)C)O)/C)/C)/C=C/C=C(/C=C/[C@]12O[C@]2(C)C[C@H](CC1(C)C)O)\C,C40H56O4,600.87,44,0,0.55,10,4,2,185.8,65.52,1.63,1.46,8.97,0.73,1.33,1.31,-2.16,1.54E+00,6.86E-03,Soluble,-2.66,4.88E-01,2.18E-03,Soluble,-1.55,6.33E+00,2.82E-02,Soluble,High,No,No,No,No,No,No,No,-6.63,0,0,0,0,0,0.56,0,1,1,2.17
Urtica dioica,Kaempferol,Oc1ccc(cc1)c1oc2cc(O)cc(c2c(=O)c1O)O,C15H10O6,286.24,21,16,0,1,6,4,76.01,111.13,1.7,1.9,2.28,-0.03,2.03,1.58,-3.31,1.40E-01,4.90E-04,Soluble,-3.86,3.98E-02,1.39E-04,Soluble,-3.82,4.29E-02,1.50E-04,Soluble,High,No,No,Yes,No,No,Yes,Yes,-6.7,0,0,0,0,0,0.55,0,0,0,3.14
Urtica dioica,Nicotiflorin,Oc1ccc(cc1)c1oc2cc(O)cc(c2c(=O)c1O[C@@H]1O[C@@H](CO[C@@H]2O[C@@H](C)[C@@H]([C@@H]([C@H]2O)O)O)[C@H]([C@@H]([C@H]1O)O)O)O,C27H30O15,594.52,42,16,0.44,6,15,9,139.36,249.2,1.39,0.02,-1.39,-3.43,-1.64,-1.01,-3.42,2.24E-01,3.76E-04,Soluble,-4.81,9.31E-03,1.57E-05,Moderately soluble,-0.88,7.77E+01,1.31E-01,Soluble,Low,No,Yes,No,No,No,No,No,-9.91,3,4,1,1,3,0.17,0,0,1,6.48
Urtica dioica,Quercetin3-O-alpha-rhamnopyranoside,Oc1cc(O)c2c(c1)oc(c(c2=O)O[C@@H]1O[C@@H](C)[C@@H]([C@H]([C@@H]1O)O)O)c1ccc(c(c1)O)O,C21H20O11,448.38,32,16,0.29,3,11,7,109,190.28,2.34,0.86,0.49,-1.84,0.01,0.37,-3.33,2.08E-01,4.64E-04,Soluble,-4.44,1.63E-02,3.63E-05,Moderately soluble,-2.08,3.69E+00,8.22E-03,Soluble,Low,No,Yes,No,No,No,No,No,-8.42,2,0,1,1,3,0.17,1,1,1,5.28
Urtica dioica,Rutin,Oc1cc(O)c2c(c1)oc(c(c2=O)O[C@@H]1O[C@H](CO[C@@H]2O[C@@H](C)[C@@H]([C@@H]([C@@H]2O)O)O)[C@H]([C@@H]([C@H]1O)O)O)c1ccc(c(c1)O)O,C27H30O16,610.52,43,16,0.44,6,16,10,141.38,269.43,1.32,-0.33,-1.69,-3.89,-2.11,-1.34,-3.3,3.08E-01,5.05E-04,Soluble,-4.87,8.30E-03,1.36E-05,Moderately soluble,-0.29,3.15E+02,5.15E-01,Soluble,Low,No,Yes,No,No,No,No,No,-10.26,3,4,1,1,4,0.17,1,1,1,6.52
Urtica dioica,Pinoresinol,COc1cc(ccc1O)[C@H]1OC[C@H]2[C@@H]1CO[C@@H]2c1ccc(c(c1)OC)O,C20H22O6,358.39,26,12,0.4,4,6,2,94.9,77.38,2.67,2.28,2.54,1.17,2.66,2.26,-3.58,9.52E-02,2.66E-04,Soluble,-3.54,1.03E-01,2.87E-04,Soluble,-4.19,2.29E-02,6.40E-05,Moderately soluble,High,Yes,Yes,No,No,No,Yes,Yes,-6.87,0,0,0,0,0,0.55,0,0,1,3.99
Urtica dioica,Isolariciresinol,OC[C@@H]1Cc2cc(OC)c(cc2[C@@H]([C@@H]1CO)c1ccc(c(c1)OC)O)O,C20H24O6,360.4,26,12,0.4,5,6,4,97.33,99.38,2.44,2.05,2.02,1.17,2.53,2.04,-3.38,1.51E-01,4.19E-04,Soluble,-3.77,6.18E-02,1.72E-04,Soluble,-4.05,3.21E-02,8.91E-05,Moderately soluble,High,No,Yes,No,No,No,Yes,No,-7.04,0,0,0,0,0,0.55,0,0,1,3.89
Urtica dioica,Quinic acid,O[C@@H]1[C@@H](O)C[C@](C[C@@H]1O)(O)C(=O)O,C7H12O6,192.17,13,0,0.86,1,6,5,40.11,118.22,0.48,-2.37,-2.32,-2.14,-1.82,-1.63,0.53,6.48E+02,3.37E+00,Highly soluble,0.43,5.12E+02,2.66E+00,Highly soluble,2.08,2.30E+04,1.20E+02,Soluble,Low,No,No,No,No,No,No,No,-9.15,0,1,0,0,2,0.56,0,0,1,3.34
Aloe vera,p-Coumaric acid,OC(=O)/C=C/c1ccc(cc1)O,C9H8O3,164.16,12,6,0,2,3,2,45.13,57.53,0.95,1.46,1.38,1.28,1.22,1.26,-2.02,1.58E+00,9.65E-03,Soluble,-2.27,8.73E-01,5.32E-03,Soluble,-1.28,8.67E+00,5.28E-02,Soluble,High,Yes,No,No,No,No,No,No,-6.26,0,0,0,0,1,0.85,0,1,1,1.61
Aloe vera,Ficusin,O=c1ccc2c(o1)cc1c(c2)cco1,C11H6O3,186.16,14,13,0,0,3,0,52.26,43.35,2.01,1.67,2.54,1.48,2.91,2.12,-2.73,3.44E-01,1.85E-03,Soluble,-2.19,1.19E+00,6.39E-03,Soluble,-4.5,5.87E-03,3.16E-05,Moderately soluble,High,Yes,No,Yes,No,No,No,No,-6.25,0,0,0,0,1,0.55,0,1,1,3.06
Aloe vera,Chrysophanol,Cc1cc(O)c2c(c1)C(=O)c1c(C2=O)c(O)ccc1,C15H10O4,254.24,19,12,0.07,0,4,2,68.76,74.6,2.22,3.53,2.18,0.92,3.04,2.38,-4.11,1.98E-02,7.81E-05,Moderately soluble,-4.78,4.21E-03,1.66E-05,Moderately soluble,-4.49,8.32E-03,3.27E-05,Moderately soluble,High,Yes,No,Yes,No,No,No,Yes,-5.34,0,0,0,0,0,0.55,1,0,1,2.47
Aloe vera,Sucrose,OC[C@H]1O[C@@]([C@@H]([C@H]1O)O)(CO)O[C@H]1O[C@@H](CO)[C@H]([C@@H]([C@H]1O)O)O,C12H22O11,342.3,23,0,1,5,11,8,68.16,189.53,0.25,-3.7,-5.4,-4.37,-3.86,-3.41,0.7,1.71E+03,5.00E+00,Highly soluble,0.31,6.96E+02,2.03E+00,Highly soluble,3.67,1.62E+06,4.73E+03,Soluble,Low,No,Yes,No,No,No,No,No,-11.02,2,1,1,1,4,0.17,0,0,0,5.16
Aloe vera,Succinic acid,OC(=O)CCC(=O)O,C4H6O4,118.09,8,0,0.5,3,4,2,24.89,74.6,0.32,-0.59,-0.06,-0.54,-0.63,-0.3,0,1.17E+02,9.94E-01,Very soluble,-0.51,3.69E+01,3.12E-01,Very soluble,0.61,4.86E+02,4.11E+00,Soluble,High,No,No,No,No,No,No,No,-7.44,0,3,0,0,2,0.85,0,0,1,1.29
Aloe vera,Lauric acid,CCCCCCCCCCCC(=O)O,C12H24O2,200.32,14,0,0.92,10,2,1,61.57,37.3,2.7,4.2,3.99,3.15,3.5,3.51,-3.07,1.71E-01,8.55E-04,Soluble,-4.69,4.06E-03,2.03E-05,Moderately soluble,-3.69,4.05E-02,2.02E-04,Soluble,High,Yes,No,No,No,No,No,No,-4.54,0,0,0,0,0,0.85,0,0,3,1.87
Aloe vera,Palmitoleic acid,CCCCCC/C=C\CCCCCCCC(=O)O,C16H30O2,254.41,18,0,0.81,13,2,1,80.32,37.3,3.64,6.58,5.33,4.09,5.07,4.94,-4.7,5.02E-03,1.97E-05,Moderately soluble,-7.16,1.75E-05,6.88E-08,Poorly soluble,-4.59,6.49E-03,2.55E-05,Moderately soluble,High,Yes,No,Yes,No,Yes,No,No,-3.18,0,0,1,0,1,0.85,0,1,2,2.84
Aloe vera,Octadecanoic acid,CCCCCCCCCCCCCCCCCC(=O)O,C18H36O2,284.48,20,0,0.94,16,2,1,90.41,37.3,4.3,8.23,6.33,4.67,6.13,5.93,-5.73,5.26E-04,1.85E-06,Moderately soluble,-8.87,3.80E-07,1.33E-09,Poorly soluble,-6.11,2.19E-04,7.71E-07,Poorly soluble,High,No,No,Yes,No,No,No,No,-2.19,1,1,1,1,2,0.85,0,0,2,2.54
Aloe vera,Formononetin,COc1ccc(cc1)c1coc2c(c1=O)ccc(c2)O,C16H12O4,268.26,20,16,0.06,2,4,1,76.44,59.67,2.49,2.8,3.17,1.33,3.52,2.66,-3.73,5.03E-02,1.87E-04,Soluble,-3.71,5.23E-02,1.95E-04,Soluble,-5.68,5.58E-04,2.08E-06,Moderately soluble,High,Yes,No,Yes,No,No,Yes,Yes,-5.95,0,0,0,0,0,0.55,0,0,0,2.81
Aloe vera,Genistein,Oc1ccc(cc1)c1coc2c(c1=O)c(O)cc(c2)O,C15H10O5,270.24,20,16,0,1,5,3,73.99,90.9,1.91,2.67,2.58,0.52,2.52,2.04,-3.72,5.11E-02,1.89E-04,Soluble,-4.23,1.59E-02,5.88E-05,Moderately soluble,-4.4,1.07E-02,3.94E-05,Moderately soluble,High,No,No,Yes,No,No,Yes,Yes,-6.05,0,0,0,0,0,0.55,0,0,0,2.87
Aloe vera,Osajin,CC(=CCc1c2OC(C)(C)C=Cc2c2c(c1O)c(=O)c(co2)c1ccc(cc1)O)C,C25H24O5,404.46,30,16,0.24,3,5,2,119.81,79.9,3.86,5.87,5.46,2.64,5.66,4.7,-6.24,2.31E-04,5.72E-07,Poorly soluble,-7.32,1.93E-05,4.78E-08,Poorly soluble,-7.03,3.77E-05,9.31E-08,Poorly soluble,High,No,No,No,Yes,Yes,No,No,-4.6,0,0,0,0,1,0.55,0,1,2,4.24
Aloe vera,Pomiferin,CC(=CCc1c2OC(C)(C)C=Cc2c2c(c1O)c(=O)c(co2)c1ccc(c(c1)O)O)C,C25H24O6,420.45,31,16,0.24,3,6,3,121.83,100.13,3.87,5.52,5.16,2.09,5.18,4.37,-6.11,3.28E-04,7.79E-07,Poorly soluble,-7.38,1.74E-05,4.15E-08,Poorly soluble,-6.44,1.52E-04,3.61E-07,Poorly soluble,High,No,No,No,Yes,Yes,No,No,-4.95,0,0,0,0,1,0.55,1,2,2,4.3
Aloe vera,Aloe emodin,OCc1cc(O)c2c(c1)C(=O)c1c(C2=O)c(O)ccc1,C15H10O5,270.24,20,12,0.07,1,5,3,69.92,94.83,1.96,1.82,1.21,0.1,2.42,1.5,-3.04,2.46E-01,9.12E-04,Soluble,-3.43,1.00E-01,3.70E-04,Soluble,-3.92,3.22E-02,1.19E-04,Soluble,High,No,No,Yes,No,No,No,Yes,-6.66,0,0,0,0,0,0.55,1,0,0,2.6
Aloe vera,Aloin,OCc1cc(O)c2c(c1)[C@H]([C@@H]1O[C@H](CO)[C@@H]([C@@H]([C@H]1O)O)O)c1c(C2=O)c(O)ccc1,C21H22O9,418.39,30,12,0.38,3,9,7,101.96,167.91,1.85,-0.12,-1.04,-1.59,0.18,-0.14,-2.46,1.46E+00,3.50E-03,Soluble,-2.95,4.66E-01,1.11E-03,Soluble,-1.79,6.77E+00,1.62E-02,Soluble,Low,No,No,No,No,No,No,No,-8.94,1,1,1,1,2,0.55,0,0,1,4.97
Aloe vera,Kaempferol,Oc1ccc(cc1)c1oc2cc(O)cc(c2c(=O)c1O)O,C15H10O6,286.24,21,16,0,1,6,4,76.01,111.13,1.7,1.9,2.28,-0.03,2.03,1.58,-3.31,1.40E-01,4.90E-04,Soluble,-3.86,3.98E-02,1.39E-04,Soluble,-3.82,4.29E-02,1.50E-04,Soluble,High,No,No,Yes,No,No,Yes,Yes,-6.7,0,0,0,0,0,0.55,0,0,0,3.14
Aloe vera,Puerarin,OC[C@H]1O[C@H]([C@@H]([C@H]([C@@H]1O)O)O)c1c(O)ccc2c1occ(c2=O)c1ccc(cc1)O,C21H20O9,416.38,30,16,0.29,3,9,6,104.59,160.82,1.77,0.01,0.06,-1.52,0.81,0.23,-2.62,9.89E-01,2.37E-03,Soluble,-2.94,4.79E-01,1.15E-03,Soluble,-2.97,4.49E-01,1.08E-03,Soluble,Low,No,No,No,No,No,No,No,-8.83,1,0,1,1,2,0.55,0,0,1,4.98
Aloe vera,Linolenic acid,CCC=CCC=CCC=CCCCCCCCC(=O)O,C18H30O2,278.43,20,0,0.61,13,2,1,88.99,37.3,3.36,6.46,5.66,4.38,5.59,5.09,-4.78,4.64E-03,1.67E-05,Moderately soluble,-7.04,2.55E-05,9.16E-08,Poorly soluble,-3.96,3.08E-02,1.11E-04,Soluble,High,Yes,No,Yes,No,Yes,No,No,-3.41,1,1,1,0,1,0.85,0,1,2,3.03
Aloe vera,D-Xylose,O[C@@H]1CO[C@H]([C@H]([C@@H]1O)O)O,C5H10O5,150.13,10,0,1,0,5,4,29.77,90.15,0.64,-3.02,-2.58,-2.32,-1.7,-1.79,1.13,2.03E+03,1.35E+01,Highly soluble,1.69,7.34E+03,4.89E+01,Highly soluble,2.23,2.56E+04,1.71E+02,Soluble,Low,No,No,No,No,No,No,No,-9.36,0,3,0,0,2,0.55,0,0,1,3.8
Aloe vera,Daidzein,Oc1ccc(cc1)c1coc2c(c1=O)ccc(c2)O,C15H10O4,254.24,19,16,0,1,4,2,71.97,70.67,1.77,2.47,2.87,1.08,3.02,2.24,-3.53,7.51E-02,2.95E-04,Soluble,-3.6,6.41E-02,2.52E-04,Soluble,-4.98,2.64E-03,1.04E-05,Moderately soluble,High,Yes,No,Yes,No,No,Yes,Yes,-6.1,0,0,0,0,0,0.55,0,0,0,2.79
Aloe vera,Glycitein,COc1cc2c(cc1O)occ(c2=O)c1ccc(cc1)O,C16H12O5,284.26,21,16,0.06,2,5,2,78.46,79.9,2.36,2.44,2.88,0.77,3.03,2.3,-3.57,7.63E-02,2.68E-04,Soluble,-3.76,4.93E-02,1.73E-04,Soluble,-5.1,2.25E-03,7.91E-06,Moderately soluble,High,No,No,Yes,No,No,Yes,Yes,-6.3,0,0,0,0,0,0.55,0,0,0,2.95
Aloe vera,Warangalone,CC(=CCc1c2OC(C)(C)C=Cc2c(c2c1occ(c2=O)c1ccc(cc1)O)O)C,C25H24O5,404.46,30,16,0.24,3,5,2,119.81,79.9,3.99,5.87,5.46,2.64,5.66,4.72,-6.24,2.31E-04,5.72E-07,Poorly soluble,-7.32,1.93E-05,4.78E-08,Poorly soluble,-7.03,3.77E-05,9.31E-08,Poorly soluble,High,No,No,No,Yes,Yes,No,No,-4.6,0,0,0,0,1,0.55,0,1,2,4.23
Aloe vera,Auriculasin,CC(=CCc1c2OC(C)(C)C=Cc2c(c2c1occ(c2=O)c1ccc(c(c1)O)O)O)C,C25H24O6,420.45,31,16,0.24,3,6,3,121.83,100.13,3.7,5.52,5.16,2.09,5.18,4.33,-6.11,3.28E-04,7.79E-07,Poorly soluble,-7.38,1.74E-05,4.15E-08,Poorly soluble,-6.44,1.52E-04,3.61E-07,Poorly soluble,High,No,No,No,Yes,Yes,No,No,-4.95,0,0,0,0,1,0.55,1,2,2,4.29
Aloe vera,Garhwalin,COc1cc2occc2c2c1c(=O)c(co2)c1ccc2c(c1)OCO2,C19H12O6,336.29,25,19,0.11,2,6,0,90.25,71.04,3.13,3.37,3.94,1.2,4.27,3.18,-4.48,1.12E-02,3.32E-05,Moderately soluble,-4.54,9.70E-03,2.88E-05,Moderately soluble,-6.87,4.56E-05,1.36E-07,Poorly soluble,High,Yes,No,Yes,No,Yes,Yes,Yes,-5.96,0,0,0,0,0,0.55,0,0,0,3.41
Aloe vera,Senegalensin,CC(=CCc1c2O[C@H](Cc2c2c(c1O)c(=O)c(co2)c1ccc(cc1)O)C(O)(C)C)C,C25H26O6,422.47,31,16,0.32,4,6,3,120.65,100.13,3.89,4.95,4.45,1.9,5.18,4.08,-5.7,8.51E-04,2.01E-06,Moderately soluble,-6.79,6.84E-05,1.62E-07,Poorly soluble,-6.46,1.47E-04,3.48E-07,Poorly soluble,High,No,No,No,No,Yes,No,No,-5.36,0,0,0,0,0,0.55,0,1,2,4.54
Aloe vera,Laburnetin,CC(=C)[C@H](Cc1c(O)cc2c(c1O)c(=O)c(co2)c1ccc(cc1)O)O,C20H18O6,354.35,26,16,0.15,4,6,4,98.87,111.13,1.35,3.54,3.06,0.82,3.6,2.48,-4.46,1.23E-02,3.48E-05,Moderately soluble,-5.56,9.80E-04,2.76E-06,Moderately soluble,-5.07,3.00E-03,8.45E-06,Moderately soluble,High,No,No,No,No,No,Yes,No,-5.95,0,0,0,0,0,0.55,0,1,2,3.74
Aloe vera,Scanderone,CC(=CCc1cc(ccc1O)c1coc2c(c1=O)c(O)cc1c2C=CC(O1)(C)C)C,C25H24O5,404.46,30,16,0.24,3,5,2,119.81,79.9,4.31,5.87,5.46,2.64,5.66,4.79,-6.24,2.31E-04,5.72E-07,Poorly soluble,-7.32,1.93E-05,4.78E-08,Poorly soluble,-7.03,3.77E-05,9.31E-08,Poorly soluble,High,No,No,No,Yes,Yes,No,No,-4.6,0,0,0,0,1,0.55,0,1,2,4.25
Aloe vera,8-C-Glucosyl-7-O-methylaloediol,OC[C@H]1O[C@H]([C@@H]([C@H]([C@H]1O)O)O)c1c(OC)cc(c2c1oc(cc2=O)[C@@H]([C@H](O)C)O)C,C20H26O10,426.41,30,10,0.55,5,10,6,103.46,170.05,2.76,-1.67,-1.61,-2.55,0.54,-0.5,-1.35,1.91E+01,4.48E-02,Very soluble,-1.39,1.74E+01,4.08E-02,Very soluble,-1.44,1.55E+01,3.63E-02,Soluble,Low,No,No,No,No,No,No,No,-10.09,1,1,1,1,2,0.55,0,0,1,5.52
Aloe vera,Erythrin,OC[C@H]([C@H](COC(=O)c1c(C)cc(cc1O)OC(=O)c1c(C)cc(cc1O)O)O)O,C20H22O10,422.38,30,12,0.3,9,10,6,103.03,173.98,1.45,2.03,0.51,0.42,1.55,1.19,-3.44,1.53E-01,3.63E-04,Soluble,-5.31,2.06E-03,4.88E-06,Moderately soluble,-2.43,1.58E+00,3.74E-03,Soluble,Low,No,Yes,No,No,No,No,No,-7.44,1,0,1,1,2,0.55,0,1,2,4.04
Allium sativum,"1,8-Cineole",C[C@]12CC[C@H](CC1)C(O2)(C)C,C10H18O,154.25,11,0,1,0,1,0,47.12,9.23,2.58,2.74,2.74,2.45,2.86,2.67,-2.52,4.63E-01,3.00E-03,Soluble,-2.59,3.98E-01,2.58E-03,Soluble,-2.45,5.45E-01,3.53E-03,Soluble,High,Yes,No,No,No,No,No,No,-5.3,0,1,0,0,2,0.55,0,0,1,3.65
Allium sativum,p-Coumaric acid,OC(=O)/C=C/c1ccc(cc1)O,C9H8O3,164.16,12,6,0,2,3,2,45.13,57.53,0.95,1.46,1.38,1.28,1.22,1.26,-2.02,1.58E+00,9.65E-03,Soluble,-2.27,8.73E-01,5.32E-03,Soluble,-1.28,8.67E+00,5.28E-02,Soluble,High,Yes,No,No,No,No,No,No,-6.26,0,0,0,0,1,0.85,0,1,1,1.61
Allium sativum,Caffeic acid,OC(=O)/C=C/c1ccc(c(c1)O)O,C9H8O4,180.16,13,6,0,2,4,3,47.16,77.76,0.97,1.15,1.09,0.7,0.75,0.93,-1.89,2.32E+00,1.29E-02,Very soluble,-2.38,7.55E-01,4.19E-03,Soluble,-0.71,3.51E+01,1.95E-01,Soluble,High,No,No,No,No,No,No,No,-6.58,0,0,0,0,1,0.56,1,2,1,1.81
Allium sativum,Luteolin,Oc1cc(O)c2c(c1)oc(cc2=O)c1ccc(c(c1)O)O,C15H10O6,286.24,21,16,0,1,6,4,76.01,111.13,1.86,2.53,2.28,-0.03,2.03,1.73,-3.71,5.63E-02,1.97E-04,Soluble,-4.51,8.84E-03,3.09E-05,Moderately soluble,-3.82,4.29E-02,1.50E-04,Soluble,High,No,No,Yes,No,No,Yes,Yes,-6.25,0,0,0,0,0,0.55,1,1,0,3.02
Allium sativum,(+)-alpha-Pinene,CC1=CC[C@H]2C[C@@H]1C2(C)C,C10H16,136.23,10,0,0.8,0,0,0,45.22,0,2.63,4.48,3,4.29,2.79,3.44,-3.51,4.24E-02,3.11E-04,Soluble,-4.2,8.59E-03,6.31E-05,Moderately soluble,-2.23,8.06E-01,5.92E-03,Soluble,Low,Yes,No,No,No,Yes,No,No,-3.95,1,1,0,0,2,0.55,0,1,2,4.44
Allium sativum,Limonene,CC1=CC[C@@H](CC1)C(=C)C,C10H16,136.23,10,0,0.6,1,0,0,47.12,0,2.72,4.57,3.31,3.27,2.97,3.37,-3.5,4.33E-02,3.18E-04,Soluble,-4.29,6.93E-03,5.09E-05,Moderately soluble,-2.26,7.54E-01,5.53E-03,Soluble,Low,Yes,No,No,No,Yes,No,No,-3.89,0,1,0,0,2,0.55,0,1,2,3.46
Allium sativum,(E)-geraniol,OC/C=C(/CCC=C(C)C)\C,C10H18O,154.25,11,0,0.6,4,1,1,50.4,20.23,2.52,3.56,2.67,2.59,2.35,2.74,-2.78,2.59E-01,1.68E-03,Soluble,-3.67,3.30E-02,2.14E-04,Soluble,-1.84,2.20E+00,1.43E-02,Soluble,High,Yes,No,No,No,No,No,No,-4.71,0,1,0,0,2,0.55,0,1,2,2.58
Allium sativum,4-hydroxybenzoic acid,Oc1ccc(cc1)C(=O)O,C7H6O3,138.12,10,6,0,1,3,2,35.42,57.53,0.85,1.58,1.09,0.99,0.74,1.05,-2.07,1.18E+00,8.52E-03,Soluble,-2.4,5.51E-01,3.99E-03,Soluble,-1.17,9.40E+00,6.81E-02,Soluble,High,Yes,No,No,No,No,No,No,-6.02,0,3,0,0,1,0.85,0,0,1,1
Allium sativum,alpha-Terpinolene,CC1=CCC(=C(C)C)CC1,C10H16,136.23,10,0,0.6,0,0,0,47.12,0,2.71,4.47,3.45,3.27,3.08,3.4,-3.5,4.30E-02,3.16E-04,Soluble,-4.19,8.80E-03,6.46E-05,Moderately soluble,-2.46,4.73E-01,3.48E-03,Soluble,Low,Yes,No,No,No,Yes,No,No,-3.96,0,1,0,0,2,0.55,0,1,2,2.98
Allium sativum,Farnesyl pyrophosphate,C/C(=C\COP(=O)(OP(=O)(O)O)O)/CC/C=C(/CCC=C(C)C)\C,C15H28O7P2,382.33,24,0,0.6,11,7,3,95.78,132.91,2.71,4.47,4.63,3.27,3.08,3.4,-3.5,4.30E-02,3.16E-04,Soluble,-4.19,8.80E-03,6.46E-05,Moderately soluble,-2.46,4.73E-01,3.48E-03,Soluble,Low,Yes,No,No,No,Yes,No,No,-3.96,0,1,0,0,2,0.55,0,1,2,2.98
Allium sativum,Epicatechin,Oc1cc2O[C@H](c3ccc(c(c3)O)O)[C@@H](Cc2c(c1)O)O,C15H14O6,290.27,21,12,0.2,1,6,5,74.33,110.38,1.47,0.36,1.22,0.24,0.98,0.85,-2.22,1.74E+00,5.98E-03,Soluble,-2.24,1.66E+00,5.72E-03,Soluble,-2.14,2.09E+00,7.19E-03,Soluble,High,No,Yes,No,No,No,No,No,-7.82,0,0,0,0,0,0.55,1,1,0,3.5
Allium sativum,Naringenin,Oc1ccc(cc1)[C@@H]1CC(=O)c2c(O1)cc(cc2O)O,C15H12O5,272.25,20,12,0.13,1,5,3,71.57,86.99,1.75,2.52,2.19,0.71,2.05,1.84,-3.49,8.74E-02,3.21E-04,Soluble,-3.99,2.77E-02,1.02E-04,Soluble,-3.42,1.04E-01,3.82E-04,Soluble,High,No,Yes,Yes,No,No,No,Yes,-6.17,0,0,0,0,0,0.55,0,0,0,3.01
Allium sativum,Allicin,C=CCS[S@](=O)CC=C,C6H10OS2,162.27,9,0,0.33,5,1,0,45.88,61.58,1.87,1.31,2.62,1.18,0.96,1.59,-1.34,7.39E+00,4.56E-02,Very soluble,-2.2,1.02E+00,6.26E-03,Soluble,-1.7,3.24E+00,2.00E-02,Soluble,High,Yes,No,No,No,No,No,No,-6.36,0,1,0,0,1,0.55,0,2,1,3.6
Allium sativum,Diallyl disulfide,C=CCSSCC=C,C6H10S2,146.27,8,0,0.33,5,0,0,45.19,50.6,2.49,2.2,2.74,2.35,2.17,2.39,-1.8,2.30E+00,1.57E-02,Very soluble,-2.9,1.86E-01,1.27E-03,Soluble,-1.78,2.42E+00,1.66E-02,Soluble,High,Yes,No,No,No,No,No,No,-5.63,0,2,0,0,1,0.55,0,2,1,3.12
Allium sativum,Diallyl sulfide,C=CCSCC=C,C6H10S,114.21,7,0,0.33,4,0,0,37.6,25.3,2.11,2.16,2.09,2.35,1.97,2.14,-1.64,2.59E+00,2.27E-02,Very soluble,-2.32,5.42E-01,4.74E-03,Soluble,-1.64,2.65E+00,2.32E-02,Soluble,High,Yes,No,No,No,No,No,No,-5.46,0,3,0,0,2,0.55,0,1,1,2.34
Allium sativum,Dimethyl disulfide,CSSC,C2H6S2,94.2,4,0,1,1,0,0,26.91,50.6,1.69,1.77,1.63,0.84,0.78,1.34,-1.47,3.17E+00,3.36E-02,Very soluble,-2.45,3.34E-01,3.54E-03,Soluble,-0.79,1.54E+01,1.64E-01,Soluble,High,Yes,No,No,No,No,No,No,-5.62,0,3,0,0,2,0.55,0,1,1,2.33
Allium sativum,Dimethyl trisulfide,CSSSC,C2H6S3,126.26,5,0,1,2,0,0,34.5,75.9,1.91,1.35,2.28,0.84,1.17,1.51,-1.34,5.75E+00,4.56E-02,Very soluble,-2.55,3.59E-01,2.84E-03,Soluble,-0.94,1.43E+01,1.14E-01,Soluble,High,Yes,No,No,No,No,No,No,-6.11,0,3,0,0,2,0.55,0,1,1,3.64
Allium sativum,Dipropyl disulfide,CCCSSCCC,C6H14S2,150.31,8,0,1,5,0,0,46.14,50.6,2.63,2.7,3.19,2.6,2.19,2.66,-2.14,1.08E+00,7.20E-03,Soluble,-3.42,5.77E-02,3.84E-04,Soluble,-2.48,5.02E-01,3.34E-03,Soluble,High,Yes,No,No,No,No,No,No,-5.3,0,1,0,0,1,0.55,0,1,1,2.79
Allium sativum,Methyl allyl disulfide,CSSCC=C,C4H8S2,120.24,6,0,0.5,3,0,0,36.05,50.6,2.04,1.55,2.18,1.67,1.39,1.77,-1.36,5.20E+00,4.33E-02,Very soluble,-2.22,7.21E-01,5.99E-03,Soluble,-1.29,6.17E+00,5.13E-02,Soluble,High,Yes,No,No,No,No,No,No,-5.93,0,3,0,0,2,0.55,0,2,1,2.73
Allium sativum,Alliin,N[C@H](C(=O)O)C[S@@](=O)CC=C,C6H11NO3S,177.22,11,0,0.5,5,4,2,43.24,99.6,0.55,-3.53,0.2,-2.88,-1,-1.33,1.62,7.31E+03,4.12E+01,Highly soluble,2.02,1.86E+04,1.05E+02,Highly soluble,-0.21,1.08E+02,6.10E-01,Soluble,High,No,No,No,No,No,No,No,-9.89,0,0,0,0,2,0.55,0,1,1,3.21
Allium sativum,Glutathione,SC[C@@H](C(=O)NCC(=O)O)NC(=O)CC[C@@H](C(=O)O)N,C10H17N3O6S,307.32,20,0,0.6,11,7,5,70.37,197.62,0.32,-4.5,-2.21,-4.04,-1.37,-2.36,1.82,2.01E+04,6.54E+01,Highly soluble,0.97,2.86E+03,9.30E+00,Highly soluble,-0.08,2.54E+02,8.26E-01,Soluble,Low,No,No,No,No,No,No,No,-11.37,0,1,2,1,2,0.11,0,1,1,3.06
Allium sativum,Cyanidin-3-O-glucoside,OC[C@H]1O[C@@H](Oc2cc3c(O)cc(cc3[o+]c2c2ccc(c(c2)O)O)O)[C@@H]([C@H]([C@@H]1O)O)O,C21H21O11,449.38,32,16,0.29,4,11,8,108.29,193.44,-2.48,0.14,0.38,-1.76,-1.91,-1.13,-2.82,6.80E-01,1.51E-03,Soluble,-3.76,7.83E-02,1.74E-04,Soluble,-0.93,5.23E+01,1.16E-01,Soluble,Low,No,No,No,No,No,No,No,-8.94,2,0,1,1,3,0.17,1,2,1,5.27
Allium sativum,Gallic acid,OC(=O)c1cc(O)c(c(c1)O)O,C7H6O5,170.12,12,6,0,1,5,4,39.47,97.99,0.21,0.7,0.5,-0.16,-0.2,0.21,-1.64,3.90E+00,2.29E-02,Very soluble,-2.34,7.86E-01,4.62E-03,Soluble,-0.04,1.55E+02,9.10E-01,Soluble,High,No,No,No,No,No,No,Yes,-6.84,0,2,0,0,1,0.56,1,1,1,1.22
Allium sativum,Vanillic acid,COc1cc(ccc1O)C(=O)O,C8H8O4,168.15,12,6,0.12,2,4,2,41.92,66.76,1.4,1.43,1.1,0.74,0.73,1.08,-2.02,1.60E+00,9.52E-03,Soluble,-2.44,6.15E-01,3.66E-03,Soluble,-1.32,8.10E+00,4.82E-02,Soluble,High,No,No,No,No,No,No,No,-6.31,0,0,0,0,1,0.85,0,0,1,1.42
Allium sativum,3-O-Caffeoylquinic acid,O=C(O[C@@H]1C[C@@](O)(C[C@H]([C@H]1O)O)C(=O)O)/C=C/c1ccc(c(c1)O)O,C16H18O9,354.31,25,6,0.38,5,9,6,83.5,164.75,0.87,-0.42,-0.75,-1.05,-0.61,-0.39,-1.62,8.50E+00,2.40E-02,Very soluble,-2.58,9.42E-01,2.66E-03,Soluble,0.4,8.94E+02,2.52E+00,Soluble,Low,No,No,No,No,No,No,No,-8.76,1,1,1,1,2,0.11,1,2,1,4.16
Allium sativum,o-Coumaric acid,OC(=O)/C=C/c1ccccc1O,C9H8O3,164.16,12,6,0,2,3,2,45.13,57.53,1.09,2.03,1.38,1.28,1.22,1.4,-2.37,6.93E-01,4.22E-03,Soluble,-2.87,2.24E-01,1.36E-03,Soluble,-1.28,8.67E+00,5.28E-02,Soluble,High,Yes,No,No,No,No,No,No,-5.86,0,0,0,0,1,0.85,0,1,1,1.85
Allium sativum,Ferulic acid,COc1cc(/C=C/C(=O)O)ccc1O,C10H10O4,194.18,14,6,0.1,3,4,2,51.63,66.76,1.62,1.51,1.39,1,1.26,1.36,-2.11,1.49E+00,7.68E-03,Soluble,-2.52,5.86E-01,3.02E-03,Soluble,-1.42,7.43E+00,3.83E-02,Soluble,High,Yes,No,No,No,No,No,No,-6.41,0,0,0,0,1,0.85,0,1,1,1.93
Allium sativum,gamma-Terpinene,CC1=CCC(=CC1)C(C)C,C10H16,136.23,10,0,0.6,1,0,0,47.12,0,2.73,4.5,3.31,3.27,2.95,3.35,-3.45,4.79E-02,3.52E-04,Soluble,-4.22,8.19E-03,6.01E-05,Moderately soluble,-2.23,8.06E-01,5.92E-03,Soluble,Low,Yes,No,No,No,No,No,No,-3.94,0,1,0,0,2,0.55,0,1,2,3.11
Allium sativum,Nerolidol,C=C[C@](CC/C=C(/CCC=C(C)C)\C)(O)C,C15H26O,222.37,16,0,0.6,7,1,1,74,20.23,3.64,4.83,4.4,3.86,4.21,4.19,-3.8,3.53E-02,1.59E-04,Soluble,-4.99,2.29E-03,1.03E-05,Moderately soluble,-3.15,1.56E-01,7.00E-04,Soluble,High,Yes,No,Yes,No,Yes,No,No,-4.23,0,0,0,0,1,0.55,0,1,2,3.53
Allium sativum,Phytol,OC/C=C(/CCC[C@@H](CCC[C@@H](CCCC(C)C)C)C)\C,C20H40O,296.53,21,0,0.9,13,1,1,98.94,20.23,4.77,8.19,6.36,5.25,6.57,6.23,-5.98,3.10E-04,1.05E-06,Moderately soluble,-8.47,9.94E-07,3.35E-09,Poorly soluble,-5.51,9.06E-04,3.05E-06,Moderately soluble,Low,No,Yes,No,No,Yes,No,No,-2.29,1,1,1,1,2,0.55,0,1,2,4.3
Allium sativum,Ergosterol,O[C@H]1CC[C@]2(C(=CC=C3[C@@H]2CC[C@]2([C@H]3CC[C@@H]2[C@H](/C=C/[C@@H](C(C)C)C)C)C)C1)C,C28H44O,396.65,29,0,0.79,4,1,1,127.47,20.23,4.83,7.43,7.33,6.33,6.44,6.47,-6.72,7.63E-05,1.92E-07,Poorly soluble,-7.69,8.17E-06,2.06E-08,Poorly soluble,-5.06,3.45E-03,8.69E-06,Moderately soluble,Low,No,No,No,No,Yes,No,No,-3.44,1,2,0,1,2,0.55,0,1,2,6.58
Allium sativum,All-trans-squalene,C/C(=C\CC/C=C(/CC/C=C(/CCC=C(C)C)\C)\C)/CC/C=C(/CCC=C(C)C)\C,C30H50,410.72,30,0,0.6,15,0,0,143.48,0,4.83,7.43,10.6,6.33,6.44,6.47,-6.72,7.63E-05,1.92E-07,Poorly soluble,-7.69,8.17E-06,2.06E-08,Poorly soluble,-5.06,3.45E-03,8.69E-06,Moderately soluble,Low,No,No,No,No,Yes,No,No,-3.44,1,2,0,1,2,0.55,0,1,2,6.58
Allium sativum,Apigenin,Oc1ccc(cc1)c1cc(=O)c2c(o1)cc(cc2O)O,C15H10O5,270.24,20,16,0,1,5,3,73.99,90.9,1.89,3.02,2.58,0.52,2.52,2.11,-3.94,3.07E-02,1.14E-04,Soluble,-4.59,6.88E-03,2.55E-05,Moderately soluble,-4.4,1.07E-02,3.94E-05,Moderately soluble,High,No,No,Yes,No,No,Yes,Yes,-5.8,0,0,0,0,0,0.55,0,0,0,2.96
Allium sativum,Quercetin,Oc1cc(O)c2c(c1)oc(c(c2=O)O)c1ccc(c(c1)O)O,C15H10O7,302.24,22,16,0,1,7,5,78.03,131.36,1.63,1.54,1.99,-0.56,1.54,1.23,-3.16,2.11E-01,6.98E-04,Soluble,-3.91,3.74E-02,1.24E-04,Soluble,-3.24,1.73E-01,5.73E-04,Soluble,High,No,No,Yes,No,No,Yes,Yes,-7.05,0,0,0,0,0,0.55,1,1,0,3.23
Allium sativum,Quercetin-3-beta-galactoside,OC[C@H]1O[C@@H](Oc2c(oc3c(c2=O)c(O)cc(c3)O)c2ccc(c(c2)O)O)[C@H]([C@@H]([C@H]1O)O)O,C21H20O12,464.38,33,16,0.29,4,12,8,110.16,210.51,2.23,0.36,-0.54,-2.59,-0.59,-0.23,-3.04,4.23E-01,9.10E-04,Soluble,-4.35,2.10E-02,4.51E-05,Moderately soluble,-1.51,1.43E+01,3.08E-02,Soluble,Low,No,Yes,No,No,No,No,No,-8.88,2,1,1,1,3,0.17,1,1,1,5.32
Allium sativum,Se-Methylselenocysteine,C[Se]C[C@@H](C(=O)O)N,C4H9NO2Se,182.08,8,0,0.75,3,3,2,31.58,63.32,0,-2.47,-0.43,-2.61,-1.57,-1.42,0.79,1.11E+03,6.10E+00,Highly soluble,1.68,8.76E+03,4.81E+01,Highly soluble,-0.01,1.79E+02,9.82E-01,Soluble,High,No,No,No,No,No,No,No,-9.16,0,3,0,0,3,0.55,0,1,1,2.7
Allium sativum,Citral,O=C/C=C(/CCC=C(C)C)\C,C10H16O,152.23,11,0,0.5,4,1,0,49.44,17.07,2.51,3.03,2.88,2.49,2.65,2.71,-2.43,5.67E-01,3.73E-03,Soluble,-3.05,1.34E-01,8.83E-04,Soluble,-1.96,1.66E+00,1.09E-02,Soluble,High,Yes,No,No,No,No,No,No,-5.08,0,1,0,0,2,0.55,0,3,1,2.49
Allium sativum,S-allyl-L-cysteine,N[C@H](C(=O)O)CSCC=C,C6H11NO2S,161.22,10,0,0.5,5,3,2,42.55,88.62,1.22,-2.07,0.32,-1.93,0.22,-0.45,0.79,1.00E+03,6.23E+00,Highly soluble,0.74,8.77E+02,5.44E+00,Highly soluble,-0.3,8.10E+01,5.02E-01,Soluble,High,No,No,No,No,No,No,No,-8.75,0,0,0,0,2,0.55,0,1,1,2.8
Allium sativum,m-Coumaric acid,OC(=O)/C=C/c1cccc(c1)O,C9H8O3,164.16,12,6,0,2,3,2,45.13,57.53,1.14,1.79,1.38,1.28,1.22,1.36,-2.22,9.81E-01,5.98E-03,Soluble,-2.62,3.97E-01,2.42E-03,Soluble,-1.28,8.67E+00,5.28E-02,Soluble,High,Yes,No,No,No,No,No,No,-6.03,0,0,0,0,1,0.85,0,1,1,1.74
Allium sativum,Ajoene,C=CCSS/C=C/CS(=O)CC=C,C9H14OS3,234.4,13,0,0.33,8,1,0,67.41,86.88,2.74,1.71,3.87,2.1,2.2,2.52,-1.84,3.37E+00,1.44E-02,Very soluble,-3.15,1.66E-01,7.08E-04,Soluble,-2.32,1.11E+00,4.75E-03,Soluble,High,No,No,No,No,Yes,No,No,-6.52,0,0,0,0,0,0.55,0,2,2,4.33
Allium sativum,(Z)-Ajoene,C=CCSSC=CCS(=O)CC=C,C9H14OS3,234.4,13,0,0.33,8,1,0,67.41,86.88,2.74,1.71,3.87,2.1,2.2,2.52,-1.84,3.37E+00,1.44E-02,Very soluble,-3.15,1.66E-01,7.08E-04,Soluble,-2.32,1.11E+00,4.75E-03,Soluble,High,No,No,No,No,Yes,No,No,-6.52,0,0,0,0,0,0.55,0,2,2,4.33
Allium sativum,Allyl alcohol,OCC=C,C3H6O,58.08,4,0,0.33,1,1,1,17.22,20.23,1.23,0.17,0.16,0.15,0.03,0.35,-0.24,3.33E+01,5.74E-01,Very soluble,-0.15,4.09E+01,7.04E-01,Very soluble,0.03,6.15E+01,1.06E+00,Soluble,High,No,No,No,No,No,No,No,-6.53,0,3,0,0,3,0.55,0,1,1,1
Allium sativum,S-Allyl 1-propanesulfinothioate,CCCS(=O)SCC=C,C6H12OS2,164.29,9,0,0.67,5,1,0,46.35,61.58,2.21,1.4,2.85,1.28,0.97,1.74,-1.41,6.38E+00,3.89E-02,Very soluble,-2.3,8.29E-01,5.04E-03,Soluble,-2.05,1.47E+00,8.97E-03,Soluble,High,Yes,No,No,No,No,No,No,-6.31,0,0,0,0,1,0.55,0,2,1,3.58
Allium sativum,Allylmethyltrisulfide,CSSSCC=C,C4H8S3,152.3,7,0,0.5,4,0,0,43.64,75.9,2.29,1.99,2.83,1.67,1.64,2.09,-1.77,2.56E+00,1.68E-02,Very soluble,-3.21,9.39E-02,6.16E-04,Soluble,-1.43,5.62E+00,3.69E-02,Soluble,High,Yes,No,No,No,No,No,No,-5.82,0,2,0,0,2,0.55,0,2,1,3.32
Allium sativum,Allixin,CCCCCc1oc(C)c(c(=O)c1O)OC,C12H18O4,226.27,16,6,0.58,5,4,1,62.65,59.67,3,2.78,2.4,0.46,3.24,2.38,-2.94,2.59E-01,1.14E-03,Soluble,-3.69,4.63E-02,2.05E-04,Soluble,-3.89,2.91E-02,1.29E-04,Soluble,High,Yes,No,Yes,Yes,No,No,No,-5.71,0,0,0,0,0,0.55,0,0,1,3.12
Allium sativum,Allyl pentasulfide,C=CCSSSSSCC=C,C6H10S5,242.47,11,0,0.33,8,0,0,67.96,126.5,3.01,3.51,4.68,2.35,2.79,3.27,-3.03,2.28E-01,9.41E-04,Soluble,-5.85,3.42E-04,1.41E-06,Moderately soluble,-2.14,1.75E+00,7.21E-03,Soluble,Low,No,No,No,Yes,Yes,No,No,-5.29,0,0,0,0,0,0.55,0,3,3,3.49
Allium sativum,Diallyl hexasulfide,C=CCSSSSSSCC=C,C6H10S6,274.53,12,0,0.33,9,0,0,75.55,151.8,3.17,3.95,5.33,2.35,3,3.56,-3.44,1.00E-01,3.66E-04,Soluble,-6.84,3.99E-05,1.45E-07,Poorly soluble,-2.25,1.56E+00,5.69E-03,Soluble,Low,No,No,Yes,Yes,Yes,No,Yes,-5.17,0,0,1,1,1,0.55,0,3,2,3.67
Allium sativum,Allithiamine,OCCC(=C(N(Cc1cnc(nc1N)C)C=O)C)SSCC=C,C15H22N4O2S2,354.49,23,6,0.4,10,4,2,98.51,142.94,2.16,0.85,2.36,0.8,2.02,1.64,-2.11,2.77E+00,7.83E-03,Soluble,-3.43,1.30E-01,3.67E-04,Soluble,-3.11,2.73E-01,7.71E-04,Soluble,Low,No,Yes,No,No,No,No,No,-7.86,0,0,1,1,0,0.55,0,3,2,3.77
Allium sativum,Diallyl tetrasulfide,C=CCSSSSCC=C,C6H10S4,210.4,10,0,0.33,7,0,0,60.37,101.2,2.8,3.08,4.04,2.35,2.59,2.97,-2.62,5.01E-01,2.38E-03,Soluble,-4.87,2.82E-03,1.34E-05,Moderately soluble,-2.03,1.96E+00,9.31E-03,Soluble,High,No,No,No,No,Yes,No,No,-5.4,0,0,0,0,0,0.55,0,3,1,3.63
